kernel_name,dim_0,dim_1,avg_duration_us,min_duration_us,max_duration_us,stddev_duration_us,event_count,tuple_product
"div_(1024, 1024)",1024,1024.0,22.595429,22.472947,22.732946,0.08244,10,1048576
"div_(896, 1024)",896,1024.0,19.915857,19.795625,20.105714,0.082985,10,917504
"div_(1024, 896)",1024,896.0,19.905286,19.859911,19.992947,0.044588,10,917504
"mul_(1024, 1024)",1024,1024.0,19.46991,19.31866,19.602946,0.097002,10,1048576
"sub_(1024, 1024)",1024,1024.0,19.411554,19.285625,19.55,0.088977,10,1048576
"div_(896, 896)",896,896.0,17.499152,17.31,17.601339,0.092924,10,802816
"sub_(1024, 896)",1024,896.0,17.156411,17.068572,17.281339,0.05549,10,917504
"mul_(1024, 896)",1024,896.0,17.148429,17.065715,17.217143,0.051848,10,917504
"div_(768, 1024)",768,1024.0,17.144589,16.945715,17.257143,0.108603,10,786432
"div_(1024, 768)",1024,768.0,17.142232,16.988483,17.26,0.082737,10,786432
"sub_(896, 1024)",896,1024.0,17.12758,17.018571,17.234286,0.067434,10,917504
"mul_(896, 1024)",896,1024.0,17.107009,17.011518,17.185715,0.056981,10,917504
"div_(768, 896)",768,896.0,15.171,14.932858,15.435714,0.17387,10,688128
"mul_(896, 896)",896,896.0,15.117857,15.021428,15.229911,0.065994,10,802816
"sub_(896, 896)",896,896.0,15.116295,15.034375,15.174286,0.039014,10,802816
"div_(896, 768)",896,768.0,15.102285,14.932857,15.211518,0.089476,10,688128
"sub_(1024, 768)",1024,768.0,14.849321,14.732946,14.964375,0.072992,10,786432
"mul_(1024, 768)",1024,768.0,14.843304,14.764286,14.931429,0.056462,10,786432
"sub_(768, 1024)",768,1024.0,14.836259,14.714286,14.928482,0.076641,10,786432
"mul_(768, 1024)",768,1024.0,14.81067,14.71991,14.902857,0.052425,10,786432
"div_(1024, 640)",1024,640.0,14.573991,14.46,14.632767,0.055476,10,655360
"div_(640, 1024)",640,1024.0,14.45375,14.28,14.677233,0.117898,10,655360
"mul_(768, 896)",768,896.0,13.144562,12.895715,13.257142,0.102015,10,688128
"sub_(768, 896)",768,896.0,13.114152,12.875714,13.275714,0.124461,10,688128
"div_(768, 768)",768,768.0,13.068991,12.96,13.200089,0.079672,10,589824
"sub_(896, 768)",896,768.0,13.049455,12.832946,13.198571,0.129475,10,688128
"mul_(896, 768)",896,768.0,13.021866,12.845715,13.187143,0.12802,10,688128
"div_(896, 640)",896,640.0,12.776723,12.618571,12.955714,0.125808,10,573440
"div_(640, 896)",640,896.0,12.764866,12.615804,13.024375,0.157081,10,573440
"sub_(1024, 640)",1024,640.0,12.607875,12.325715,12.708571,0.104864,10,655360
"sub_(640, 1024)",640,1024.0,12.53742,12.307143,12.662947,0.104687,10,655360
"mul_(1024, 640)",1024,640.0,12.531027,12.318571,12.66,0.121089,10,655360
"mul_(640, 1024)",640,1024.0,12.469857,12.272857,12.627143,0.125492,10,655360
"div_(1024, 512)",1024,512.0,11.798741,11.595803,11.905714,0.10974,10,524288
"div_(512, 1024)",512,1024.0,11.792428,11.588571,11.96,0.124155,10,524288
"sub_(768, 768)",768,768.0,11.353732,11.152767,11.508571,0.117036,10,589824
"mul_(768, 768)",768,768.0,11.343,11.131429,11.59991,0.146843,10,589824
"div_(768, 640)",768,640.0,11.136268,10.954286,11.278482,0.10838,10,491520
"sub_(896, 640)",896,640.0,11.101991,10.89,11.295625,0.152033,10,573440
"sub_(640, 896)",640,896.0,11.092286,10.891518,11.31,0.144228,10,573440
"div_(640, 768)",640,768.0,11.091456,10.941428,11.318483,0.122612,10,491520
"mul_(896, 640)",896,640.0,11.076616,10.908661,11.220089,0.110499,10,573440
"mul_(640, 896)",640,896.0,11.068277,10.888571,11.205714,0.105516,10,573440
"div_(512, 896)",512,896.0,10.423161,10.295714,10.622857,0.132403,10,458752
"div_(896, 512)",896,512.0,10.376107,10.255625,10.555715,0.112408,10,458752
"mul_(1024, 512)",1024,512.0,10.280437,10.212857,10.497143,0.081246,10,524288
"sub_(1024, 512)",1024,512.0,10.219036,10.018571,10.365804,0.15163,10,524288
"sub_(512, 1024)",512,1024.0,10.206732,9.997143,10.384375,0.142299,10,524288
"mul_(512, 1024)",512,1024.0,10.202143,10.021518,10.321339,0.104699,10,524288
"sub_(768, 640)",768,640.0,9.683,9.484286,9.871339,0.133609,10,491520
"mul_(768, 640)",768,640.0,9.663982,9.472768,9.835625,0.127189,10,491520
"mul_(640, 768)",640,768.0,9.601705,9.442857,9.785715,0.124461,10,491520
"sub_(640, 768)",640,768.0,9.592572,9.435625,9.774286,0.126358,10,491520
"div_(640, 640)",640,640.0,9.348866,9.265714,9.589911,0.127384,10,409600
"div_(1024, 384)",1024,384.0,9.105437,8.931429,9.387232,0.165518,10,393216
"div_(512, 768)",512,768.0,9.10542,8.935714,9.274286,0.140771,10,393216
"mul_(512, 896)",512,896.0,9.101134,8.914285,9.217053,0.097434,10,458752
"div_(768, 512)",768,512.0,9.079125,8.934196,9.308482,0.149879,10,393216
"sub_(512, 896)",512,896.0,9.057848,8.902768,9.242768,0.111821,10,458752
"mul_(896, 512)",896,512.0,9.033286,8.882857,9.318571,0.156491,10,458752
"sub_(896, 512)",896,512.0,9.011857,8.867053,9.232858,0.158585,10,458752
"div_(384, 1024)",384,1024.0,9.007134,8.925714,9.188571,0.099384,10,393216
"sub_(640, 640)",640,640.0,8.253455,8.061518,8.421429,0.123129,10,409600
"mul_(640, 640)",640,640.0,8.121143,8.034286,8.39009,0.132305,10,409600
"div_(896, 384)",896,384.0,8.115268,7.928572,8.314286,0.142456,10,344064
"div_(384, 896)",384,896.0,8.000697,7.944196,8.321429,0.116747,10,344064
"sub_(1024, 384)",1024,384.0,7.940143,7.802768,8.077054,0.10866,10,393216
"mul_(768, 512)",768,512.0,7.927018,7.76,8.090089,0.109621,10,393216
"mul_(1024, 384)",1024,384.0,7.924821,7.782768,8.115804,0.108861,10,393216
"sub_(512, 768)",512,768.0,7.883857,7.748572,8.114375,0.132763,10,393216
"sub_(384, 1024)",384,1024.0,7.86958,7.742768,8.080089,0.130657,10,393216
"mul_(512, 768)",512,768.0,7.854848,7.728571,8.082857,0.135251,10,393216
"mul_(384, 1024)",384,1024.0,7.841705,7.748571,8.081339,0.117848,10,393216
"sub_(768, 512)",768,512.0,7.83558,7.731428,7.984286,0.117656,10,393216
"div_(512, 640)",512,640.0,7.72283,7.601339,7.958482,0.151643,10,327680
"div_(640, 512)",640,512.0,7.722419,7.595625,7.965714,0.141775,10,327680
"sub_(384, 896)",384,896.0,7.121723,6.901518,7.28,0.137781,10,344064
"mul_(896, 384)",896,384.0,7.099991,6.915715,7.312857,0.141095,10,344064
"div_(768, 384)",768,384.0,7.02658,6.95,7.222858,0.119147,10,294912
"mul_(384, 896)",384,896.0,7.023277,6.867143,7.242946,0.125286,10,344064
"div_(384, 768)",384,768.0,7.019982,6.922858,7.279911,0.121261,10,294912
"sub_(896, 384)",896,384.0,6.994134,6.92,7.177054,0.10327,10,344064
"sub_(512, 640)",512,640.0,6.786018,6.625714,7.01,0.16556,10,327680
"mul_(512, 640)",512,640.0,6.718562,6.612947,7.058661,0.155891,10,327680
"sub_(640, 512)",640,512.0,6.710152,6.588571,6.997143,0.151015,10,327680
"mul_(640, 512)",640,512.0,6.689696,6.594286,6.942768,0.122659,10,327680
"div_(1024, 256)",1024,256.0,6.416286,6.254286,6.571428,0.143962,10,262144
"div_(256, 1024)",256,1024.0,6.346822,6.252768,6.558661,0.114798,10,262144
"div_(512, 512)",512,512.0,6.329303,6.251429,6.64,0.131685,10,262144
"sub_(768, 384)",768,384.0,6.212402,6.05991,6.422946,0.152066,10,294912
"mul_(768, 384)",768,384.0,6.183447,6.058661,6.477143,0.153928,10,294912
"sub_(384, 768)",384,768.0,6.149563,6.038571,6.387054,0.145522,10,294912
"mul_(384, 768)",384,768.0,6.095545,6.012857,6.335714,0.123008,10,294912
"div_(640, 384)",640,384.0,6.024562,5.935714,6.292946,0.132723,10,245760
"div_(384, 640)",384,640.0,6.005134,5.94,6.258571,0.128389,10,245760
"div_(896, 256)",896,256.0,5.689598,5.591518,5.872947,0.109115,10,229376
"div_(256, 896)",256,896.0,5.653714,5.587143,5.828661,0.094492,10,229376
"mul_(256, 1024)",256,1024.0,5.579857,5.455714,5.797232,0.15085,10,262144
"sub_(512, 512)",512,512.0,5.574562,5.452857,5.81991,0.150317,10,262144
"sub_(256, 1024)",256,1024.0,5.547875,5.485714,5.712768,0.089125,10,262144
"sub_(1024, 256)",1024,256.0,5.54625,5.458571,5.744286,0.104472,10,262144
"mul_(512, 512)",512,512.0,5.523161,5.457143,5.788571,0.133272,10,262144
"mul_(1024, 256)",1024,256.0,5.493554,5.455804,5.74,0.086948,10,262144
"mul_(384, 640)",384,640.0,5.305616,5.202946,5.558571,0.138515,10,245760
"mul_(640, 384)",640,384.0,5.303437,5.191518,5.507232,0.134067,10,245760
"sub_(640, 384)",640,384.0,5.27084,5.205804,5.562768,0.111366,10,245760
"sub_(384, 640)",384,640.0,5.268857,5.194286,5.532858,0.121876,10,245760
"div_(512, 384)",512,384.0,5.099866,4.937142,5.344286,0.148043,10,196608
"sub_(896, 256)",896,256.0,5.027572,4.880089,5.248572,0.120308,10,229376
"div_(256, 768)",256,768.0,5.010857,4.914286,5.19991,0.103099,10,196608
"sub_(256, 896)",256,896.0,5.003714,4.908571,5.301429,0.133153,10,229376
"div_(384, 512)",384,512.0,5.002688,4.924286,5.185625,0.098672,10,196608
"div_(768, 256)",768,256.0,4.962268,4.914196,5.13866,0.082654,10,196608
"mul_(896, 256)",896,256.0,4.952152,4.89,5.172947,0.096501,10,229376
"mul_(256, 896)",256,896.0,4.951839,4.901339,5.222857,0.10003,10,229376
"sub_(512, 384)",512,384.0,4.506437,4.342857,4.765803,0.177911,10,196608
"sub_(256, 768)",256,768.0,4.455455,4.322857,4.67,0.141867,10,196608
"mul_(512, 384)",512,384.0,4.44783,4.352768,4.762858,0.159643,10,196608
"sub_(384, 512)",384,512.0,4.41117,4.332858,4.632857,0.124007,10,196608
"mul_(256, 768)",256,768.0,4.41042,4.324197,4.594285,0.108931,10,196608
"sub_(768, 256)",768,256.0,4.376277,4.311428,4.668572,0.127476,10,196608
"div_(256, 640)",256,640.0,4.373304,4.264375,4.592858,0.141575,10,163840
"div_(640, 256)",640,256.0,4.361714,4.248661,4.571429,0.131867,10,163840
"mul_(384, 512)",384,512.0,4.361,4.321428,4.607143,0.086812,10,196608
"mul_(768, 256)",768,256.0,4.342687,4.317053,4.441339,0.035509,10,196608
"div_(384, 384)",384,384.0,4.007839,3.918661,4.277054,0.139818,10,147456
"sub_(256, 640)",256,640.0,3.887286,3.781429,4.071518,0.135535,10,163840
"mul_(256, 640)",256,640.0,3.873322,3.76,4.08009,0.145222,10,163840
"sub_(640, 256)",640,256.0,3.831446,3.742857,4.028571,0.119909,10,163840
"mul_(640, 256)",640,256.0,3.807384,3.74,4.024196,0.105168,10,163840
"div_(512, 256)",512,256.0,3.678696,3.582857,3.84009,0.116348,10,131072
"div_(256, 512)",256,512.0,3.648848,3.572768,3.840089,0.089244,10,131072
"sub_(384, 384)",384,384.0,3.64083,3.481339,3.785714,0.132604,10,147456
"div_(1024, 128)",1024,128.0,3.62358,3.585625,3.905714,0.099195,10,131072
"div_(128, 1024)",128,1024.0,3.558723,3.554197,3.565715,0.004672,10,131072
"mul_(384, 384)",384,384.0,3.501554,3.487233,3.528572,0.01262,10,147456
"mul_(1024, 128)",1024,128.0,3.322581,3.244286,3.498572,0.091624,10,131072
"div_(128, 896)",128,896.0,3.310562,3.247142,3.548571,0.111074,10,114688
"sub_(1024, 128)",1024,128.0,3.308018,3.214375,3.534286,0.122952,10,131072
"div_(896, 128)",896,128.0,3.29883,3.238482,3.521429,0.116686,10,114688
"sub_(128, 1024)",128,1024.0,3.260545,3.175714,3.468482,0.117549,10,131072
"mul_(256, 512)",256,512.0,3.258313,3.177233,3.44,0.101134,10,131072
"sub_(256, 512)",256,512.0,3.245295,3.185803,3.462857,0.113953,10,131072
"mul_(128, 1024)",128,1024.0,3.22642,3.197054,3.38,0.054484,10,131072
"sub_(512, 256)",512,256.0,3.223045,3.182857,3.412857,0.069084,10,131072
"mul_(512, 256)",512,256.0,3.196447,3.164286,3.342857,0.06034,10,131072
"mul_(896, 128)",896,128.0,2.999866,2.930089,3.164196,0.096493,10,114688
"div_(768, 128)",768,128.0,2.985875,2.90866,3.168572,0.112848,10,98304
"sub_(128, 896)",128,896.0,2.979446,2.908482,3.168482,0.105232,10,114688
"div_(384, 256)",384,256.0,2.977687,2.885714,3.202857,0.139782,10,98304
"sub_(896, 128)",896,128.0,2.968571,2.94,3.099911,0.048184,10,114688
"div_(128, 768)",128,768.0,2.961161,2.888661,3.134285,0.107816,10,98304
"div_(256, 384)",256,384.0,2.95942,2.918483,3.237143,0.097718,10,98304
"mul_(128, 896)",128,896.0,2.899982,2.872946,3.035625,0.048006,10,114688
"sub_(768, 128)",768,128.0,2.763705,2.665625,2.932857,0.121118,10,98304
"div_(640, 128)",640,128.0,2.728125,2.587142,2.86,0.105122,10,81920
"mul_(128, 768)",128,768.0,2.71825,2.595715,2.864286,0.11581,10,98304
"mul_(768, 128)",768,128.0,2.715116,2.625714,2.898571,0.094207,10,98304
"mul_(384, 256)",384,256.0,2.712723,2.610089,2.869911,0.126245,10,98304
"sub_(128, 768)",128,768.0,2.687098,2.594285,2.88,0.118109,10,98304
"sub_(256, 384)",256,384.0,2.683732,2.617232,2.828571,0.087073,10,98304
"mul_(256, 384)",256,384.0,2.648241,2.602768,2.831429,0.087468,10,98304
"div_(128, 640)",128,640.0,2.640152,2.587232,2.815715,0.082259,10,81920
"sub_(384, 256)",384,256.0,2.626848,2.592857,2.83,0.072484,10,98304
"mul_(640, 128)",640,128.0,2.431804,2.337054,2.582767,0.110423,10,81920
"mul_(128, 640)",128,640.0,2.415982,2.335714,2.618483,0.12096,10,81920
"sub_(640, 128)",640,128.0,2.389259,2.331518,2.551518,0.077527,10,81920
"sub_(128, 640)",128,640.0,2.345027,2.322947,2.491429,0.051609,10,81920
"div_(256, 256)",256,256.0,2.280277,2.225714,2.464286,0.096687,10,65536
"div_(512, 128)",512,128.0,2.268321,2.242946,2.448571,0.063475,10,65536
"div_(128, 512)",128,512.0,2.25475,2.217054,2.47,0.079439,10,65536
"mul_(512, 128)",512,128.0,2.142839,2.048571,2.294285,0.112364,10,65536
"sub_(512, 128)",512,128.0,2.140277,2.052947,2.38134,0.115642,10,65536
"mul_(128, 512)",128,512.0,2.128553,2.024285,2.249911,0.102183,10,65536
"sub_(128, 512)",128,512.0,2.094295,2.018571,2.314375,0.119192,10,65536
"mul_(256, 256)",256,256.0,2.057857,2.022857,2.294375,0.084875,10,65536
"sub_(256, 256)",256,256.0,2.045857,2.022946,2.19,0.050916,10,65536
"div_(128, 384)",128,384.0,1.958241,1.928482,2.074286,0.061169,10,49152
"div_(384, 128)",384,128.0,1.938562,1.902857,2.074285,0.063814,10,49152
"sub_(128, 384)",128,384.0,1.867714,1.765714,2.03,0.108838,10,49152
"mul_(384, 128)",384,128.0,1.828884,1.792946,2.051518,0.078423,10,49152
"mul_(128, 384)",128,384.0,1.795964,1.752768,1.97,0.084122,10,49152
"sub_(384, 128)",384,128.0,1.793831,1.77,1.972857,0.062998,10,49152
"div_(256, 128)",256,128.0,1.562295,1.55,1.61134,0.018069,10,32768
"div_(128, 256)",128,256.0,1.557152,1.534196,1.735715,0.062856,10,32768
"sub_(128, 256)",128,256.0,1.514991,1.457054,1.665714,0.086136,10,32768
"mul_(256, 128)",256,128.0,1.506259,1.472857,1.687053,0.063891,10,32768
"mul_(128, 256)",128,256.0,1.488554,1.435715,1.654285,0.086959,10,32768
"sub_(256, 128)",256,128.0,1.478562,1.457143,1.630089,0.053341,10,32768
"div_(128, 128)",128,128.0,1.241143,1.205714,1.417143,0.064861,10,16384
"sub_(128, 128)",128,128.0,1.184705,1.161339,1.304285,0.045842,10,16384
"mul_(128, 128)",128,128.0,1.171572,1.151429,1.322947,0.053282,10,16384
"sub_(8192,)",8192,,1.131723,1.032857,1.241518,0.087974,10,8192
"div_(7808,)",7808,,1.115732,1.061518,1.291339,0.082947,10,7808
"div_(7552,)",7552,,1.102134,1.068571,1.229911,0.067012,10,7552
"sub_(7552,)",7552,,1.092259,1.002857,1.241428,0.107784,10,7552
"div_(6400,)",6400,,1.08358,1.058571,1.194286,0.051291,10,6400
"mul_(6400,)",6400,,1.081589,1.037143,1.228661,0.074458,10,6400
"div_(7424,)",7424,,1.076696,1.027054,1.214286,0.074631,10,7424
"div_(6912,)",6912,,1.076589,1.047143,1.254375,0.06355,10,6912
"mul_(6528,)",6528,,1.075161,1.042768,1.238572,0.063054,10,6528
"sub_(6784,)",6784,,1.071277,0.997143,1.285625,0.114874,10,6784
"div_(6656,)",6656,,1.068009,1.025804,1.257143,0.076521,10,6656
"div_(4864,)",4864,,1.067322,0.991429,1.227143,0.097575,10,4864
"sub_(7424,)",7424,,1.067277,0.997143,1.245803,0.110239,10,7424
"div_(8192,)",8192,,1.060705,1.054285,1.067232,0.004971,10,8192
"div_(7296,)",7296,,1.059679,1.042946,1.112857,0.024781,10,7296
"div_(4736,)",4736,,1.05959,0.985715,1.218661,0.097904,10,4736
"sub_(6912,)",6912,,1.055848,0.992768,1.281428,0.106899,10,6912
"div_(6016,)",6016,,1.055152,0.987142,1.207143,0.093898,10,6016
"div_(6784,)",6784,,1.053286,1.028661,1.144285,0.046138,10,6784
"div_(7680,)",7680,,1.053152,1.022857,1.177232,0.052506,10,7680
"sub_(7296,)",7296,,1.050286,1.0,1.207232,0.07847,10,7296
"mul_(7424,)",7424,,1.049,0.994375,1.192857,0.083341,10,7424
"mul_(6656,)",6656,,1.048437,0.994285,1.222946,0.078345,10,6656
"mul_(7040,)",7040,,1.047723,1.028571,1.212946,0.058058,10,7040
"mul_(8064,)",8064,,1.047706,0.998661,1.22,0.08395,10,8064
"div_(6528,)",6528,,1.04658,1.022768,1.168661,0.046806,10,6528
"div_(4224,)",4224,,1.046018,0.991428,1.197143,0.082678,10,4224
"div_(7936,)",7936,,1.045411,1.027053,1.132857,0.036231,10,7936
"sub_(7168,)",7168,,1.042562,0.999911,1.241428,0.078053,10,7168
"div_(7040,)",7040,,1.041312,1.025715,1.104286,0.028721,10,7040
"div_(7168,)",7168,,1.041009,1.025714,1.164286,0.043328,10,7168
"sub_(6400,)",6400,,1.040714,1.014375,1.202858,0.059982,10,6400
"div_(5248,)",5248,,1.039107,0.989911,1.208482,0.079914,10,5248
"div_(5888,)",5888,,1.03858,0.994197,1.235714,0.075826,10,5888
"div_(5376,)",5376,,1.038107,0.984197,1.288572,0.110976,10,5376
"mul_(8192,)",8192,,1.038009,0.994375,1.265625,0.090575,10,8192
"mul_(7168,)",7168,,1.035161,1.007143,1.198571,0.061614,10,7168
"mul_(6784,)",6784,,1.035107,1.004196,1.12,0.047997,10,6784
"mul_(7552,)",7552,,1.033125,0.995714,1.228482,0.076344,10,7552
"sub_(7040,)",7040,,1.031866,0.997232,1.172858,0.059772,10,7040
"div_(6272,)",6272,,1.031276,1.025803,1.06,0.01022,10,6272
"div_(8064,)",8064,,1.029696,1.027142,1.031428,0.001453,10,8064
"sub_(4480,)",4480,,1.029134,0.964286,1.201429,0.087675,10,4480
"sub_(6656,)",6656,,1.028268,1.001339,1.205714,0.062849,10,6656
"mul_(6144,)",6144,,1.027991,0.97,1.188572,0.089086,10,6144
"mul_(6912,)",6912,,1.027875,0.991518,1.201428,0.069056,10,6912
"mul_(5632,)",5632,,1.023688,0.965625,1.177054,0.075915,10,5632
"mul_(6272,)",6272,,1.021991,0.997232,1.219911,0.069551,10,6272
"div_(3200,)",3200,,1.021437,0.962857,1.182857,0.09327,10,3200
"sub_(8064,)",8064,,1.018866,0.995715,1.104286,0.0402,10,8064
"div_(4096,)",4096,,1.01825,0.94134,1.194286,0.081551,10,4096
"div_(4352,)",4352,,1.016411,0.989911,1.218571,0.07106,10,4352
"mul_(4736,)",4736,,1.015679,1.0,1.145625,0.04567,10,4736
"div_(5760,)",5760,,1.014697,0.984286,1.158572,0.061119,10,5760
"sub_(7936,)",7936,,1.014598,0.997143,1.091428,0.032637,10,7936
"div_(5504,)",5504,,1.012268,0.992857,1.107054,0.035712,10,5504
"sub_(4736,)",4736,,1.011857,0.97,1.174285,0.064632,10,4736
"mul_(7680,)",7680,,1.011438,0.992946,1.135804,0.043769,10,7680
"mul_(7936,)",7936,,1.009589,0.998661,1.055714,0.020905,10,7936
"sub_(5248,)",5248,,1.00917,0.970089,1.162946,0.080278,10,5248
"mul_(7296,)",7296,,1.009152,1.002768,1.042857,0.01207,10,7296
"sub_(6272,)",6272,,1.008714,1.002857,1.025714,0.00738,10,6272
"mul_(5888,)",5888,,1.004589,0.994375,1.062946,0.020623,10,5888
"sub_(5888,)",5888,,1.004562,1.002857,1.008572,0.001751,10,5888
"sub_(6528,)",6528,,1.004295,0.994197,1.055714,0.01835,10,6528
"sub_(4864,)",4864,,1.004134,0.965804,1.188482,0.0742,10,4864
"div_(2816,)",2816,,1.003705,0.938571,1.17134,0.086758,10,2816
"sub_(5120,)",5120,,1.003402,0.961428,1.217142,0.085091,10,5120
"mul_(3584,)",3584,,1.003152,0.932858,1.12,0.089488,10,3584
"div_(2944,)",2944,,1.002714,0.977142,1.084375,0.042487,10,2944
"sub_(7680,)",7680,,1.002437,0.997142,1.008571,0.004629,10,7680
"div_(3328,)",3328,,1.002411,0.980089,1.137143,0.049385,10,3328
"mul_(4992,)",4992,,1.002411,0.96,1.191518,0.083156,10,4992
"sub_(7808,)",7808,,1.001848,0.997232,1.007143,0.002994,10,7808
"div_(4608,)",4608,,1.001411,0.998661,1.005714,0.002117,10,4608
"mul_(7808,)",7808,,1.00042,1.0,1.001429,0.000656,10,7808
"mul_(4352,)",4352,,0.998277,0.964196,1.264197,0.093534,10,4352
"div_(3072,)",3072,,0.996598,0.988571,1.048483,0.018281,10,3072
"div_(5632,)",5632,,0.996143,0.994285,0.998482,0.001597,10,5632
"mul_(2816,)",2816,,0.996009,0.980089,1.125715,0.045585,10,2816
"mul_(3840,)",3840,,0.994714,0.964196,1.121518,0.06316,10,3840
"div_(2560,)",2560,,0.993857,0.984196,1.067143,0.025811,10,2560
"div_(6144,)",6144,,0.992884,0.991429,0.994286,0.000939,10,6144
"mul_(5376,)",5376,,0.992545,0.967232,1.071517,0.0348,10,5376
"sub_(5504,)",5504,,0.992143,0.958482,1.19,0.074494,10,5504
"mul_(5504,)",5504,,0.991857,0.968661,1.164286,0.060638,10,5504
"mul_(4864,)",4864,,0.991723,0.96,1.164286,0.064718,10,4864
"mul_(5248,)",5248,,0.991714,0.967143,1.167142,0.061773,10,5248
"div_(4480,)",4480,,0.991259,0.988482,1.005803,0.005233,10,4480
"sub_(5376,)",5376,,0.990857,0.965625,1.072946,0.038802,10,5376
"sub_(5632,)",5632,,0.99083,0.961339,1.145714,0.060163,10,5632
"div_(5120,)",5120,,0.990598,0.982946,0.994285,0.004496,10,5120
"sub_(4224,)",4224,,0.990571,0.97,1.088572,0.040524,10,4224
"sub_(5760,)",5760,,0.989705,0.97,1.148482,0.055804,10,5760
"div_(4992,)",4992,,0.989125,0.985625,1.002767,0.004926,10,4992
"div_(3712,)",3712,,0.989125,0.930089,1.144197,0.086597,10,3712
"mul_(4096,)",4096,,0.987589,0.958661,1.127143,0.056311,10,4096
"div_(1920,)",1920,,0.987554,0.958572,1.122857,0.056124,10,1920
"div_(1792,)",1792,,0.987143,0.952857,1.078572,0.044518,10,1792
"mul_(5120,)",5120,,0.985821,0.961339,1.187143,0.070753,10,5120
"div_(3456,)",3456,,0.985455,0.94,1.15009,0.079558,10,3456
"sub_(2304,)",2304,,0.985018,0.931517,1.155625,0.086217,10,2304
"sub_(4992,)",4992,,0.984545,0.964197,1.11,0.044286,10,4992
"sub_(6016,)",6016,,0.983705,0.96,1.172768,0.066478,10,6016
"sub_(4608,)",4608,,0.98342,0.961429,1.127143,0.050841,10,4608
"mul_(4224,)",4224,,0.981857,0.958571,1.052857,0.036166,10,4224
"mul_(2560,)",2560,,0.981,0.931518,1.15,0.081185,10,2560
"sub_(4352,)",4352,,0.980732,0.968572,1.052857,0.026215,10,4352
"div_(3584,)",3584,,0.977393,0.935714,1.125803,0.065009,10,3584
"mul_(4480,)",4480,,0.976393,0.968661,1.017053,0.014391,10,4480
"div_(2432,)",2432,,0.975536,0.938482,1.167054,0.079813,10,2432
"mul_(5760,)",5760,,0.973955,0.972768,0.975714,0.001128,10,5760
"mul_(1280,)",1280,,0.973866,0.941428,1.101429,0.056596,10,1280
"div_(2304,)",2304,,0.973562,0.94,1.144286,0.066855,10,2304
"sub_(3328,)",3328,,0.971991,0.922767,1.145625,0.078421,10,3328
"mul_(6016,)",6016,,0.971714,0.957142,1.067143,0.033582,10,6016
"mul_(2432,)",2432,,0.97142,0.937232,1.144286,0.06574,10,2432
"div_(3840,)",3840,,0.968875,0.94009,1.115714,0.056678,10,3840
"mul_(4608,)",4608,,0.968589,0.965714,0.984375,0.00566,10,4608
"mul_(2688,)",2688,,0.968437,0.932857,1.121339,0.062431,10,2688
"sub_(2432,)",2432,,0.96842,0.922857,1.148572,0.072899,10,2432
"sub_(3712,)",3712,,0.966125,0.931429,1.134286,0.064064,10,3712
"mul_(3456,)",3456,,0.966009,0.93,1.114286,0.064625,10,3456
"sub_(2816,)",2816,,0.965402,0.922947,1.144375,0.081057,10,2816
"div_(2688,)",2688,,0.965018,0.962857,0.968572,0.002241,10,2688
"sub_(6144,)",6144,,0.963294,0.960089,0.96866,0.002426,10,6144
"mul_(2944,)",2944,,0.963018,0.931428,1.05,0.046991,10,2944
"mul_(3968,)",3968,,0.956839,0.931517,1.131428,0.061937,10,3968
"sub_(3840,)",3840,,0.954875,0.935714,1.094286,0.049691,10,3840
"mul_(3200,)",3200,,0.954589,0.912947,1.155714,0.083886,10,3200
"sub_(3968,)",3968,,0.954562,0.925803,1.081339,0.057073,10,3968
"sub_(2560,)",2560,,0.954482,0.93,1.06,0.051278,10,2560
"sub_(4096,)",4096,,0.954116,0.925714,1.152857,0.070549,10,4096
"div_(1536,)",1536,,0.949839,0.921339,1.04,0.046359,10,1536
"mul_(2304,)",2304,,0.949428,0.925714,1.098661,0.053727,10,2304
"sub_(2944,)",2944,,0.948598,0.931518,1.075715,0.044711,10,2944
"div_(1664,)",1664,,0.946991,0.908661,1.131518,0.076803,10,1664
"sub_(3456,)",3456,,0.946973,0.934375,1.008482,0.02359,10,3456
"mul_(3328,)",3328,,0.945152,0.918572,1.075625,0.051462,10,3328
"sub_(3072,)",3072,,0.944679,0.921428,1.015804,0.033259,10,3072
"mul_(3712,)",3712,,0.94442,0.918661,1.135625,0.067218,10,3712
"sub_(768,)",768,,0.944009,0.885714,1.085714,0.076846,10,768
"div_(3968,)",3968,,0.943705,0.940089,0.949911,0.003095,10,3968
"sub_(2688,)",2688,,0.943563,0.92,1.135625,0.067517,10,2688
"sub_(2176,)",2176,,0.943277,0.925714,1.048572,0.039589,10,2176
"div_(1152,)",1152,,0.941723,0.908661,1.091428,0.066799,10,1152
"div_(2048,)",2048,,0.941429,0.905714,1.07,0.064391,10,2048
"mul_(1152,)",1152,,0.941045,0.937233,0.951428,0.004028,10,1152
"div_(2176,)",2176,,0.936429,0.932858,0.938661,0.002063,10,2176
"div_(1024,)",1024,,0.935839,0.907143,1.177143,0.084823,10,1024
"div_(1280,)",1280,,0.935437,0.904286,1.141518,0.07351,10,1280
"mul_(3072,)",3072,,0.935036,0.931429,0.94,0.003003,10,3072
"sub_(3584,)",3584,,0.929607,0.925803,0.934375,0.002526,10,3584
"mul_(1408,)",1408,,0.92942,0.905714,1.054286,0.047764,10,1408
"mul_(1920,)",1920,,0.928009,0.898482,1.050089,0.054967,10,1920
"div_(1408,)",1408,,0.928,0.897143,1.074286,0.060977,10,1408
"mul_(2176,)",2176,,0.927697,0.925714,0.93,0.001798,10,2176
"sub_(3200,)",3200,,0.927009,0.92,0.928572,0.002653,10,3200
"div_(640,)",640,,0.923518,0.895714,1.058572,0.056597,10,640
"mul_(1664,)",1664,,0.920152,0.884375,1.047232,0.066631,10,1664
"mul_(384,)",384,,0.920125,0.882857,1.08,0.072696,10,384
"mul_(1792,)",1792,,0.914706,0.891518,0.988571,0.032604,10,1792
"sub_(1152,)",1152,,0.911705,0.887142,1.099911,0.066223,10,1152
"sub_(1408,)",1408,,0.909982,0.885714,1.075803,0.058788,10,1408
"mul_(2048,)",2048,,0.908705,0.902857,0.93,0.007601,10,2048
"mul_(896,)",896,,0.908125,0.888571,1.068482,0.056517,10,896
"div_(768,)",768,,0.906277,0.892857,1.008661,0.036132,10,768
"sub_(640,)",640,,0.904429,0.891518,0.968571,0.02491,10,640
"mul_(1536,)",1536,,0.904018,0.888661,1.029911,0.044244,10,1536
"mul_(640,)",640,,0.900277,0.882768,1.045715,0.051112,10,640
"mul_(768,)",768,,0.89983,0.881339,1.042857,0.05043,10,768
"div_(384,)",384,,0.896393,0.879911,0.972857,0.027654,10,384
"sub_(2048,)",2048,,0.89575,0.884286,0.97,0.026174,10,2048
"div_(896,)",896,,0.895714,0.892857,0.900089,0.002234,10,896
"sub_(1792,)",1792,,0.895714,0.884286,0.958661,0.022719,10,1792
"sub_(1536,)",1536,,0.894848,0.894196,0.895715,0.000729,10,1536
"sub_(1664,)",1664,,0.893848,0.882947,0.924196,0.016089,10,1664
"sub_(896,)",896,,0.890571,0.881429,0.94,0.018834,10,896
"sub_(1280,)",1280,,0.890438,0.888571,0.897143,0.002426,10,1280
"sub_(1920,)",1920,,0.888428,0.885714,0.902946,0.005171,10,1920
"mul_(1024,)",1024,,0.886286,0.882857,0.902857,0.00591,10,1024
"sub_(1024,)",1024,,0.883982,0.881428,0.888572,0.002003,10,1024
"mul_(512,)",512,,0.882473,0.88009,0.884375,0.001636,10,512
"sub_(384,)",384,,0.881294,0.878661,0.882857,0.001231,10,384
"div_(512,)",512,,0.879527,0.86991,0.902768,0.011108,10,512
"sub_(512,)",512,,0.874884,0.865714,0.882946,0.008435,10,512
"mul_(256,)",256,,0.854875,0.845803,0.862858,0.008176,10,256
"div_(128,)",128,,0.849973,0.841428,0.858572,0.007892,10,128
"div_(256,)",256,,0.849696,0.841428,0.857143,0.007864,10,256
"sub_(128,)",128,,0.846571,0.845714,0.854286,0.002711,10,128
"sub_(256,)",256,,0.845017,0.837142,0.852857,0.007479,10,256
"mul_(128,)",128,,0.844125,0.842946,0.844286,0.000416,10,128
