kernel_name,dim_m,dim_n,dim_k,fusion_avg,fusion_min,fusion_max,fusion_stddev,sample_count,scale_sim_cycles
matmul_1024x1024x1024,1024,1024,1024,43.86699545,43.708572,44.122857,0.1399636531244624,20,89984
matmul_1024x1024x128,1024,1024,128,8.85683945,8.778661,9.079911,0.1019313100513619,20,11248
matmul_1024x1024x256,1024,1024,256,11.3406518,11.247232,11.59,0.1211450671492218,20,22496
matmul_1024x1024x384,1024,1024,384,15.0039377,14.915625,15.254197,0.1323710451647585,20,33744
matmul_1024x1024x512,1024,1024,512,18.0047142,17.872857,18.247143,0.1443635523066316,20,44992
matmul_1024x1024x640,1024,1024,640,22.9959775,22.91991,23.158571,0.0802815030701995,20,56240
matmul_1024x1024x768,1024,1024,768,25.8123706,25.721429,26.054286,0.0983970719191007,20,67488
matmul_1024x1024x896,1024,1024,896,28.7461338,28.714375,29.0,0.0758193288677623,20,78736
matmul_1024x128x1024,1024,128,1024,8.3259151,8.228482,8.588482,0.0846981120114568,20,11248
matmul_1024x128x128,1024,128,128,2.43601345,2.394286,2.59,0.0686070048905357,20,1406
matmul_1024x128x256,1024,128,256,3.1884061,3.144196,3.345714,0.0734252447078695,20,2812
matmul_1024x128x384,1024,128,384,3.9198614,3.791429,4.068571,0.1074294767112973,20,4218
matmul_1024x128x512,1024,128,512,4.65218765,4.598571,4.834286,0.0902880184796205,20,5624
matmul_1024x128x640,1024,128,640,5.2593616,5.132857,5.47,0.1031688839174823,20,7030
matmul_1024x128x768,1024,128,768,6.0669465,5.958572,6.247143,0.0898260640152606,20,8436
matmul_1024x128x896,1024,128,896,7.42918735,7.245714,7.62,0.1185843369440079,20,9842
matmul_1024x256x1024,1024,256,1024,13.11335285,13.021429,13.367143,0.1117432583612399,20,22496
matmul_1024x256x128,1024,256,128,3.68484825,3.651428,3.691428,0.0084487622318301,20,2812
matmul_1024x256x256,1024,256,256,5.0498571000000005,4.992767,5.165803,0.0504368535747006,20,5624
matmul_1024x256x384,1024,256,384,6.2421296,6.177143,6.438482,0.0835093834484295,20,8436
matmul_1024x256x512,1024,256,512,7.77942865,7.714286,7.96009,0.0746044340210948,20,11248
matmul_1024x256x640,1024,256,640,8.9844331,8.928572,9.2,0.0789750194801124,20,14060
matmul_1024x256x768,1024,256,768,10.44652225,10.398482,10.674196,0.082375636674722,20,16872
matmul_1024x256x896,1024,256,896,12.4949151,12.418571,12.731428,0.09258948599564,20,19684
matmul_1024x384x1024,1024,384,1024,11.9722857,11.861428,12.218482,0.1388978132657621,20,33744
matmul_1024x384x128,1024,384,128,4.5371427,4.395715,4.73,0.1133950964265627,20,4218
matmul_1024x384x256,1024,384,256,5.6768034,5.568571,5.974286,0.0811520246421232,20,8436
matmul_1024x384x384,1024,384,384,7.59141955,7.452857,7.828571,0.1167487404703726,20,12654
matmul_1024x384x512,1024,384,512,9.06599565,8.854286,9.288572,0.1316244477232478,20,16872
matmul_1024x384x640,1024,384,640,10.5271561,10.391339,10.76,0.0871689375268989,20,21090
matmul_1024x384x768,1024,384,768,12.1030089,11.905625,12.32,0.1406794145581026,20,25308
matmul_1024x384x896,1024,384,896,13.57626345,13.379911,13.798482,0.1352903557820325,20,29526
matmul_1024x512x1024,1024,512,1024,22.8482008,22.771339,23.094286,0.1153270887024793,20,44992
matmul_1024x512x128,1024,512,128,5.5724416,5.505714,5.698571,0.0691414037670932,20,5624
matmul_1024x512x256,1024,512,256,7.0984017,7.027053,7.295625,0.098487845889253,20,11248
matmul_1024x512x384,1024,512,384,8.8725538,8.794286,9.054286,0.0886257499557608,20,16872
matmul_1024x512x512,1024,512,512,10.472451,10.402947,10.747232,0.1171258079250908,20,22496
matmul_1024x512x640,1024,512,640,12.1128483,12.054285,12.298572,0.0868718254436112,20,28120
matmul_1024x512x768,1024,512,768,15.35980345,15.252946,15.594375,0.1174517296108332,20,33744
matmul_1024x512x896,1024,512,896,17.15812955,17.047143,17.394286,0.1323687458668619,20,39368
matmul_1024x640x1024,1024,640,1024,33.13264745,33.015803,33.431429,0.1061788735287744,20,56240
matmul_1024x640x128,1024,640,128,6.6203483,6.467143,6.817143,0.0977772241352222,20,7030
matmul_1024x640x256,1024,640,256,8.8299464,8.707232,9.074286,0.130088006594888,20,14060
matmul_1024x640x384,1024,640,384,10.99328135,10.775625,11.234375,0.1315472043933781,20,21090
matmul_1024x640x512,1024,640,512,13.0848035,12.914196,13.351429,0.0938577137538798,20,28120
matmul_1024x640x640,1024,640,640,15.30050895,15.112946,15.562857,0.1417056951975408,20,35150
matmul_1024x640x768,1024,640,768,19.29764735,19.138571,19.577143,0.1580377769772902,20,42180
matmul_1024x640x896,1024,640,896,29.04079465,28.862768,29.404285,0.1408483205322868,20,49210
matmul_1024x768x1024,1024,768,1024,33.3358662,33.217143,33.624285,0.1339201010404889,20,67488
matmul_1024x768x128,1024,768,128,7.1916473,7.085625,7.331518,0.0975431597327157,20,8436
matmul_1024x768x256,1024,768,256,9.1999152,9.134286,9.397143,0.096260500569849,20,16872
matmul_1024x768x384,1024,768,384,11.3484865,11.238571,11.561518,0.1157365917983817,20,25308
matmul_1024x768x512,1024,768,512,14.63937505,14.571518,14.899911,0.0873631137804646,20,33744
matmul_1024x768x640,1024,768,640,17.1385269,17.070089,17.482947,0.1086266655815129,20,42180
matmul_1024x768x768,1024,768,768,19.6292766,19.519911,19.931517,0.1214451865403965,20,50616
matmul_1024x768x896,1024,768,896,29.18986155,29.057054,29.482857,0.132602671980888,20,59052
matmul_1024x896x1024,1024,896,1024,43.62259385,43.502768,43.895714,0.1363926581143676,20,78736
matmul_1024x896x128,1024,896,128,8.6808347,8.508571,8.861339,0.1063076744578776,20,9842
matmul_1024x896x256,1024,896,256,11.50885255,11.354285,11.741339,0.1334289031915205,20,19684
matmul_1024x896x384,1024,896,384,14.3983525,14.262857,14.67991,0.1282075391269953,20,29526
matmul_1024x896x512,1024,896,512,17.63448185,17.574286,17.84991,0.0887406062434213,20,39368
matmul_1024x896x640,1024,896,640,22.69308475,22.585714,23.02,0.14302357130019,20,49210
matmul_1024x896x768,1024,896,768,25.69970535,25.598572,25.961429,0.1208796298908762,20,59052
matmul_1024x896x896,1024,896,896,28.7036608,28.587143,28.928483,0.1261662747240608,20,68894
matmul_128x1024x1024,128,1024,1024,8.460924,8.365804,8.711428,0.1144108654404906,20,11248
matmul_128x1024x128,128,1024,128,2.3761204,2.277143,2.564196,0.0490438565876448,20,1406
matmul_128x1024x256,128,1024,256,2.68663395,2.627053,2.77,0.0307608811120039,20,2812
matmul_128x1024x384,128,1024,384,3.4967097000000003,3.398571,3.622857,0.0930647638289425,20,4218
matmul_128x1024x512,128,1024,512,4.08984825,4.037053,4.297143,0.0906912759663678,20,5624
matmul_128x1024x640,128,1024,640,4.79599555,4.742767,4.991428,0.0838394457083392,20,7030
matmul_128x1024x768,128,1024,768,6.764768,6.572768,7.02134,0.1314977202864228,20,8436
matmul_128x1024x896,128,1024,896,7.49384825,7.442857,7.681518,0.0791791484618565,20,9842
matmul_128x128x1024,128,128,1024,2.9647009,2.87,3.167143,0.1125534132442763,20,4080
matmul_128x128x128,128,128,128,1.3558436,1.308571,1.517232,0.0751995206510478,20,510
matmul_128x128x256,128,128,256,1.56135705,1.462857,1.788571,0.0822662566960892,20,1020
matmul_128x128x384,128,128,384,1.8950092,1.832768,2.078482,0.0920712593750366,20,1530
matmul_128x128x512,128,128,512,2.3126563,2.265714,2.531518,0.0807512886917537,20,2040
matmul_128x128x640,128,128,640,2.64393755,2.562946,2.814286,0.0914051819672771,20,2550
matmul_128x128x768,128,128,768,2.5941071,2.541339,2.767143,0.0523658610777148,20,3060
matmul_128x128x896,128,128,896,2.9514376,2.88,3.14,0.0889978618480005,20,3570
matmul_128x256x1024,128,256,1024,3.40943745,3.337232,3.604375,0.0940180833062252,20,5104
matmul_128x256x128,128,256,128,1.4917993,1.415715,1.668661,0.0702690460145859,20,638
matmul_128x256x256,128,256,256,1.73707565,1.697232,1.83,0.0314035878243151,20,1276
matmul_128x256x384,128,256,384,1.95071875,1.9,2.142857,0.0583037566406135,20,1914
matmul_128x256x512,128,256,512,2.0793885,1.994196,2.291518,0.094899377039994,20,2552
matmul_128x256x640,128,256,640,2.37358495,2.327054,2.561518,0.0741390636414363,20,3190
matmul_128x256x768,128,256,768,2.7182098,2.662857,2.910089,0.0809717844701084,20,3828
matmul_128x256x896,128,256,896,3.0759419,2.982946,3.314286,0.1209821127674404,20,4466
matmul_128x384x1024,128,384,1024,4.47962495,4.387142,4.711428,0.0899896986042963,20,6128
matmul_128x384x128,128,384,128,1.63641075,1.607143,1.712768,0.0287997908670677,20,766
matmul_128x384x256,128,384,256,1.6654286,1.648571,1.828572,0.0397610935084722,20,1532
matmul_128x384x384,128,384,384,2.12723655,2.078482,2.324285,0.0871506245564328,20,2298
matmul_128x384x512,128,384,512,2.6103752,2.534286,2.768571,0.077602039452717,20,3064
matmul_128x384x640,128,384,640,3.0902233,3.017054,3.281429,0.0859031737635002,20,3830
matmul_128x384x768,128,384,768,3.56834375,3.497142,3.797053,0.0924259899440884,20,4596
matmul_128x384x896,128,384,896,3.97728115,3.924196,4.188482,0.078947640610907,20,5362
matmul_128x512x1024,128,512,1024,4.51785715,4.324375,4.728482,0.1239250359027691,20,7152
matmul_128x512x128,128,512,128,1.7574733,1.632947,1.951518,0.0806797882666245,20,894
matmul_128x512x256,128,512,256,2.2217858,2.117233,2.488661,0.0909885691331898,20,1788
matmul_128x512x384,128,512,384,2.48237045,2.361429,2.684285,0.095228145552764,20,2682
matmul_128x512x512,128,512,512,2.67110705,2.58991,2.908482,0.0800204081643354,20,3576
matmul_128x512x640,128,512,640,3.408567,3.287143,3.667232,0.0955732793008369,20,4470
matmul_128x512x768,128,512,768,3.6460045,3.535625,3.827053,0.1105583017766501,20,5364
matmul_128x512x896,128,512,896,4.30964285,4.162768,4.525714,0.1304218810465221,20,6258
matmul_128x640x1024,128,640,1024,6.66071425,6.585714,6.870089,0.1036091721487786,20,8176
matmul_128x640x128,128,640,128,1.89808495,1.842947,2.095715,0.0669624770492872,20,1022
matmul_128x640x256,128,640,256,2.38911615,2.344286,2.547143,0.063933940469235,20,2044
matmul_128x640x384,128,640,384,3.0565135,3.042947,3.167232,0.0284555997014369,20,3066
matmul_128x640x512,128,640,512,3.82128135,3.751429,4.017054,0.0805982102689337,20,4088
matmul_128x640x640,128,640,640,4.5360401,4.464197,4.712857,0.0962946292681175,20,5110
matmul_128x640x768,128,640,768,5.23157585,5.157143,5.394286,0.0841770691379815,20,6132
matmul_128x640x896,128,640,896,5.91087075,5.872947,6.105804,0.0698693935635211,20,7154
matmul_128x768x1024,128,768,1024,5.6943572,5.572858,5.875715,0.1195659774023045,20,9200
matmul_128x768x128,128,768,128,1.816991,1.694197,2.001339,0.0738013965222311,20,1150
matmul_128x768x256,128,768,256,2.4920134,2.359911,2.645804,0.0702212832434576,20,2300
matmul_128x768x384,128,768,384,2.92921865,2.822857,3.092857,0.082381400247025,20,3450
matmul_128x768x512,128,768,512,3.36293295,3.26,3.531429,0.0870934094131576,20,4600
matmul_128x768x640,128,768,640,4.06250455,4.008572,4.222768,0.0728278143218104,20,5750
matmul_128x768x768,128,768,768,4.742933,4.628572,4.960089,0.0991792449855045,20,6900
matmul_128x768x896,128,768,896,5.23083925,5.185625,5.429911,0.0629144610938032,20,8050
matmul_128x896x1024,128,896,1024,8.7720089,8.725714,8.965715,0.0639693102082223,20,10224
matmul_128x896x128,128,896,128,2.130442,2.091429,2.258572,0.0546230942473775,20,1278
matmul_128x896x256,128,896,256,2.7180178,2.585804,2.90009,0.1070989483242876,20,2556
matmul_128x896x384,128,896,384,3.40914275,3.272946,3.57,0.106425416919117,20,3834
matmul_128x896x512,128,896,512,4.0981564,4.008572,4.287232,0.1081975177064224,20,5112
matmul_128x896x640,128,896,640,5.9018525,5.867143,6.105714,0.0485950175846518,20,6390
matmul_128x896x768,128,896,768,6.7152856,6.552768,6.967232,0.1198945705084701,20,7668
matmul_128x896x896,128,896,896,7.4571518,7.345804,7.724286,0.0885626898610898,20,8946
matmul_256x1024x1024,256,1024,1024,11.84415625,11.714285,12.082857,0.135990536313097,20,22496
matmul_256x1024x128,256,1024,128,3.2728438,3.215625,3.441429,0.0547331757390726,20,2812
matmul_256x1024x256,256,1024,256,4.4758618,4.447143,4.652858,0.0632461659063427,20,5624
matmul_256x1024x384,256,1024,384,5.7149955,5.681428,5.857143,0.0588075747058954,20,8436
matmul_256x1024x512,256,1024,512,7.2500758,7.008572,7.434285,0.1159366502928033,20,11248
matmul_256x1024x640,256,1024,640,8.320518,8.14,8.535625,0.0892281546952293,20,14060
matmul_256x1024x768,256,1024,768,9.4910668,9.364286,9.757054,0.0903695739601961,20,16872
matmul_256x1024x896,256,1024,896,10.63455345,10.471428,10.885714,0.1340960054503273,20,19684
matmul_256x128x1024,256,128,1024,3.69878585,3.678572,3.844375,0.0468793678456513,20,5104
matmul_256x128x128,256,128,128,1.46214735,1.334285,1.647232,0.0982788737443099,20,638
matmul_256x128x256,256,128,256,1.7998393,1.771428,1.98,0.0563450163098556,20,1276
matmul_256x128x384,256,128,384,2.1118572,1.982858,2.354286,0.1155293811044573,20,1914
matmul_256x128x512,256,128,512,2.44781245,2.352857,2.65866,0.1152723621572541,20,2552
matmul_256x128x640,256,128,640,2.7542143,2.597143,2.942857,0.1079441191704495,20,3190
matmul_256x128x768,256,128,768,3.0417009,2.925714,3.317143,0.0953118777691647,20,3828
matmul_256x128x896,256,128,896,3.40895985,3.311339,3.62991,0.1134446814235559,20,4466
matmul_256x256x1024,256,256,1024,4.9237767,4.817232,5.172858,0.1148548389531668,20,10208
matmul_256x256x128,256,256,128,1.79720095,1.711429,1.99,0.0866903205168441,20,1276
matmul_256x256x256,256,256,256,2.23237485,2.175714,2.424375,0.089940222112289,20,2552
matmul_256x256x384,256,256,384,2.6878439,2.614286,2.849911,0.0760898745341392,20,3828
matmul_256x256x512,256,256,512,3.12921435,3.062857,3.298572,0.0913642219011791,20,5104
matmul_256x256x640,256,256,640,3.57507595,3.497143,3.80134,0.0912542167645592,20,6380
matmul_256x256x768,256,256,768,3.99463855,3.928572,4.218572,0.0993972382320316,20,7656
matmul_256x256x896,256,256,896,4.3980981,4.338572,4.597232,0.0972876032947239,20,8932
matmul_256x384x1024,256,384,1024,5.62169195,5.524375,5.829911,0.1096243633463958,20,12256
matmul_256x384x128,256,384,128,1.80986605,1.77,2.014286,0.0786726300842026,20,1532
matmul_256x384x256,256,384,256,2.4367769,2.38,2.558571,0.0560346394595155,20,3064
matmul_256x384x384,256,384,384,2.915732,2.831428,3.114286,0.1014794342260643,20,4596
matmul_256x384x512,256,384,512,3.34366975,3.275714,3.514286,0.0807885926593698,20,6128
matmul_256x384x640,256,384,640,4.04069635,3.979911,4.217143,0.0909559239888229,20,7660
matmul_256x384x768,256,384,768,4.6807099,4.615714,4.867053,0.080718292514216,20,9192
matmul_256x384x896,256,384,896,5.17293315,5.094286,5.394375,0.1018281586767758,20,10724
matmul_256x512x1024,256,512,1024,6.83400885,6.781429,7.058661,0.0769685991279116,20,14304
matmul_256x512x128,256,512,128,2.37371425,2.324286,2.55,0.0692447120761806,20,1788
matmul_256x512x256,256,512,256,2.66263845,2.630089,2.815714,0.0496697089926891,20,3576
matmul_256x512x384,256,512,384,3.37433475,3.295715,3.537143,0.075577110526705,20,5364
matmul_256x512x512,256,512,512,4.0484108,3.998661,4.184196,0.0454656798551911,20,7152
matmul_256x512x640,256,512,640,4.73793295,4.714196,4.907233,0.0503774461038342,20,8940
matmul_256x512x768,256,512,768,5.4682098,5.394375,5.711518,0.1056590131097499,20,10728
matmul_256x512x896,256,512,896,6.17320525,6.061339,6.38991,0.1057653314838165,20,12516
matmul_256x640x1024,256,640,1024,8.0812766,8.004285,8.298482,0.1066270331277253,20,16352
matmul_256x640x128,256,640,128,2.44559355,2.372857,2.610089,0.0732912497099755,20,2044
matmul_256x640x256,256,640,256,3.3292857,3.298572,3.488482,0.0634580879587381,20,4088
matmul_256x640x384,256,640,384,4.07898655,4.014375,4.225625,0.0815708823632776,20,6132
matmul_256x640x512,256,640,512,4.7747724,4.73,4.951339,0.0634692242449254,20,8176
matmul_256x640x640,256,640,640,5.7207812,5.667054,5.894196,0.074734132533514,20,10220
matmul_256x640x768,256,640,768,6.6153304,6.57,6.852946,0.0887080626130929,20,12264
matmul_256x640x896,256,640,896,7.32773665,7.264286,7.534375,0.0823555479914761,20,14308
matmul_256x768x1024,256,768,1024,9.30391945,9.221428,9.487143,0.1120156916077644,20,18400
matmul_256x768x128,256,768,128,2.8636475,2.82,3.000089,0.0426785615003229,20,2300
matmul_256x768x256,256,768,256,3.5899463,3.515804,3.802857,0.0857870726220633,20,4600
matmul_256x768x384,256,768,384,4.735,4.658661,4.89,0.0565301935196441,20,6900
matmul_256x768x512,256,768,512,5.4535,5.421339,5.654286,0.0606141062737744,20,9200
matmul_256x768x640,256,768,640,6.645991,6.600089,6.83,0.0638191680494686,20,11500
matmul_256x768x768,256,768,768,7.3802723,7.325714,7.578571,0.0832068166097364,20,13800
matmul_256x768x896,256,768,896,8.57207605,8.507143,8.747143,0.0863329943047787,20,16100
matmul_256x896x1024,256,896,1024,10.5882052,10.445625,10.794286,0.1203696100524067,20,20448
matmul_256x896x128,256,896,128,3.02664265,2.959911,3.217143,0.0670900473882323,20,2556
matmul_256x896x256,256,896,256,4.26352235,4.191428,4.482946,0.077653405760045,20,5112
matmul_256x896x384,256,896,384,5.2340134,5.177054,5.382946,0.0716824513901781,20,7668
matmul_256x896x512,256,896,512,6.2220536,6.152857,6.401339,0.0807291949938676,20,10224
matmul_256x896x640,256,896,640,7.3915758,7.305625,7.524375,0.0724481793339212,20,12780
matmul_256x896x768,256,896,768,8.57557595,8.494375,8.749911,0.10315326696435,20,15336
matmul_256x896x896,256,896,896,9.6027144,9.497054,9.812857,0.1077395674306674,20,17892
matmul_384x1024x1024,384,1024,1024,20.45942865,20.362857,20.687142,0.1244343232968489,20,33744
matmul_384x1024x128,384,1024,128,4.23927675,4.174286,4.405714,0.0890062171754399,20,4218
matmul_384x1024x256,384,1024,256,5.5241608,5.477143,5.772857,0.0621663915536361,20,8436
matmul_384x1024x384,384,1024,384,6.91692385,6.848572,7.118482,0.0725904209450277,20,12654
matmul_384x1024x512,384,1024,512,9.18993775,9.024286,9.452947,0.1167947680672453,20,16872
matmul_384x1024x640,384,1024,640,10.73576345,10.572857,11.01,0.1393915333215552,20,21090
matmul_384x1024x768,384,1024,768,12.25368745,12.14,12.512857,0.1211330152802781,20,25308
matmul_384x1024x896,384,1024,896,18.24743745,18.145625,18.448661,0.113922879909116,20,29526
matmul_384x128x1024,384,128,1024,4.32713395,4.188482,4.65,0.1381953570365917,20,6128
matmul_384x128x128,384,128,128,1.6417813,1.48,1.804375,0.1101094745634639,20,766
matmul_384x128x256,384,128,256,1.99542865,1.887143,2.221429,0.0872619126045112,20,1532
matmul_384x128x384,384,128,384,2.37358935,2.271518,2.577143,0.0833706760389217,20,2298
matmul_384x128x512,384,128,512,2.79977675,2.668661,3.008482,0.1036461054483882,20,3064
matmul_384x128x640,384,128,640,3.20018775,3.038482,3.468572,0.1221166972771601,20,3830
matmul_384x128x768,384,128,768,3.5778616,3.485715,3.765804,0.1063119102380498,20,4596
matmul_384x128x896,384,128,896,3.8770666,3.757142,4.107142,0.0875460152187047,20,5362
matmul_384x256x1024,384,256,1024,7.0464196,6.984375,7.267143,0.098061610484859,20,12256
matmul_384x256x128,384,256,128,2.07412065,2.031428,2.257054,0.0628340138537744,20,1532
matmul_384x256x256,384,256,256,2.67612955,2.637143,2.868482,0.0568034087695402,20,3064
matmul_384x256x384,384,256,384,3.293652,3.234286,3.451429,0.083537822508572,20,4596
matmul_384x256x512,384,256,512,3.8682858,3.790089,4.042858,0.0892548169141528,20,6128
matmul_384x256x640,384,256,640,4.37508465,4.305804,4.637232,0.091524046226158,20,7660
matmul_384x256x768,384,256,768,4.990192,4.918571,5.248572,0.1024441261366152,20,9192
matmul_384x256x896,384,256,896,5.4703481,5.417143,5.677053,0.0725581808481268,20,10724
matmul_384x384x1024,384,384,1024,8.16637505,7.965714,8.552768,0.1677630074757639,20,18384
matmul_384x384x128,384,384,128,2.6454242,2.508572,2.840089,0.0942316586490302,20,2298
matmul_384x384x256,384,384,256,3.47057145,3.305625,3.637232,0.1072398489552495,20,4596
matmul_384x384x384,384,384,384,4.22156695,4.074286,4.43,0.1225957858653581,20,6894
matmul_384x384x512,384,384,512,4.9888616,4.895625,5.224285,0.110983677792538,20,9192
matmul_384x384x640,384,384,640,5.72814745,5.618482,5.977232,0.1238927078693814,20,11490
matmul_384x384x768,384,384,768,6.25986155,6.067053,6.521429,0.1371293510865505,20,13788
matmul_384x384x896,384,384,896,8.88217425,8.748572,9.21,0.1408400155921138,20,16086
matmul_384x512x1024,384,512,1024,8.153183,8.05,8.484285,0.1381504274740513,20,21456
matmul_384x512x128,384,512,128,2.9310938,2.812767,3.090089,0.0826297284418806,20,2682
matmul_384x512x256,384,512,256,3.33227675,3.245714,3.541428,0.0975165609410848,20,5364
matmul_384x512x384,384,512,384,4.09029025,4.044286,4.275715,0.072930500143251,20,8046
matmul_384x512x512,384,512,512,4.9077588500000005,4.848482,5.141339,0.0923345711804717,20,10728
matmul_384x512x640,384,512,640,5.76741935,5.678571,5.94,0.1037062440226821,20,13410
matmul_384x512x768,384,512,768,6.559009,6.482946,6.741429,0.0975436189895523,20,16092
matmul_384x512x896,384,512,896,7.33306715,7.25009,7.557143,0.0998849847296879,20,18774
matmul_384x640x1024,384,640,1024,9.5599375,9.427054,9.867232,0.1440736540441435,20,24528
matmul_384x640x128,384,640,128,3.2281966,3.144285,3.397143,0.0832601905546702,20,3066
matmul_384x640x256,384,640,256,4.06279005,3.994196,4.224285,0.0906967067326883,20,6132
matmul_384x640x384,384,640,384,4.9174864,4.841339,5.120089,0.0923826228501534,20,9198
matmul_384x640x512,384,640,512,5.7554956,5.674286,5.947143,0.1050077405274185,20,12264
matmul_384x640x640,384,640,640,6.8569374,6.78,7.111429,0.101255458058163,20,15330
matmul_384x640x768,384,640,768,7.850576,7.797054,8.031339,0.0861217996640131,20,18396
matmul_384x640x896,384,640,896,8.6735759,8.591428,8.877232,0.0815749289174327,20,21462
matmul_384x768x1024,384,768,1024,15.9019152,15.837142,16.065625,0.0685796140620906,20,27600
matmul_384x768x128,384,768,128,3.56773235,3.525715,3.767054,0.0528901861977148,20,3450
matmul_384x768x256,384,768,256,4.4181205,4.372768,4.578661,0.0816921308472758,20,6900
matmul_384x768x384,384,768,384,5.77549105,5.691429,5.945804,0.086445498895014,20,10350
matmul_384x768x512,384,768,512,6.57856705,6.52134,6.774375,0.0767385172452358,20,13800
matmul_384x768x640,384,768,640,7.9130624,7.818571,8.142857,0.1171998536542106,20,17250
matmul_384x768x768,384,768,768,8.728629250000001,8.682857,8.974285,0.0864005294135065,20,20700
matmul_384x768x896,384,768,896,10.0629152,9.944375,10.32134,0.1247686283396083,20,24150
matmul_384x896x1024,384,896,1024,18.18894205,18.094285,18.414197,0.1067012090645628,20,30672
matmul_384x896x128,384,896,128,3.85907145,3.828572,4.031428,0.0449502985816147,20,3834
matmul_384x896x256,384,896,256,5.2139195,5.167053,5.341429,0.0371469406666919,20,7668
matmul_384x896x384,384,896,384,6.40851785,6.344286,6.604375,0.0922346446762562,20,11502
matmul_384x896x512,384,896,512,7.3595178,7.331429,7.55134,0.0630788888961983,20,15336
matmul_384x896x640,384,896,640,8.7762856,8.685803,8.927143,0.0926771704480266,20,19170
matmul_384x896x768,384,896,768,14.2417142,14.161518,14.464196,0.1135514557822736,20,23004
matmul_384x896x896,384,896,896,16.4018661,16.304375,16.611339,0.1057001917808845,20,26838
matmul_512x1024x1024,512,1024,1024,22.16713395,22.042857,22.431518,0.1189003445634755,20,44992
matmul_512x1024x128,512,1024,128,5.1210714,5.084375,5.211518,0.0350615789439395,20,5624
matmul_512x1024x256,512,1024,256,6.66893305,6.584286,6.847143,0.0863267207845776,20,11248
matmul_512x1024x384,512,1024,384,9.4156293,9.27991,9.7,0.1053396044165824,20,16872
matmul_512x1024x512,512,1024,512,11.21328115,11.085715,11.491428,0.1030817782551285,20,22496
matmul_512x1024x640,512,1024,640,13.1022857,13.021339,13.418482,0.1178861992793761,20,28120
matmul_512x1024x768,512,1024,768,17.418642900000002,17.37,17.621339,0.0776331542732257,20,33744
matmul_512x1024x896,512,1024,896,19.79208475,19.711428,20.062857,0.1206151446861923,20,39368
matmul_512x128x1024,512,128,1024,4.9029776,4.789911,5.141429,0.0868168212983974,20,7152
matmul_512x128x128,512,128,128,1.808357,1.637143,1.981339,0.1072739809052649,20,894
matmul_512x128x256,512,128,256,2.23898675,2.198572,2.427143,0.0729638965703153,20,1788
matmul_512x128x384,512,128,384,2.7198527,2.630089,2.882857,0.0896989464234904,20,2682
matmul_512x128x512,512,128,512,3.12857615,3.037232,3.315715,0.0726912988351751,20,3576
matmul_512x128x640,512,128,640,3.654366,3.527054,3.914375,0.1234478821015914,20,4470
matmul_512x128x768,512,128,768,4.0517142,3.911339,4.3,0.110743067296665,20,5364
matmul_512x128x896,512,128,896,4.4879867,4.319911,4.654196,0.1218266537538178,20,6258
matmul_512x256x1024,512,256,1024,8.2952099,8.168572,8.542857,0.137833745721698,20,14304
matmul_512x256x128,512,256,128,2.3928705,2.352946,2.502857,0.0295830098527409,20,1788
matmul_512x256x256,512,256,256,3.15623665,3.107232,3.355714,0.077175422853785,20,3576
matmul_512x256x384,512,256,384,3.8600089,3.821518,4.035625,0.065051553865417,20,5364
matmul_512x256x512,512,256,512,4.6279196,4.537143,4.747143,0.0900959504700113,20,7152
matmul_512x256x640,512,256,640,5.22713835,5.171428,5.411518,0.0795830190570795,20,8940
matmul_512x256x768,512,256,768,6.0237008,5.92991,6.202857,0.1074113356776796,20,10728
matmul_512x256x896,512,256,896,7.35955785,7.287053,7.572767,0.1008968792216118,20,12516
matmul_512x384x1024,512,384,1024,8.55133035,8.405715,8.845714,0.151403968154309,20,21456
matmul_512x384x128,512,384,128,3.02337495,2.902768,3.187232,0.0779953018129432,20,2682
matmul_512x384x256,512,384,256,3.8840179,3.724285,4.055804,0.1105017359143952,20,5364
matmul_512x384x384,512,384,384,4.7757991,4.61866,4.997143,0.1120083157358839,20,8046
matmul_512x384x512,512,384,512,5.59442405,5.414286,5.908571,0.1118073526607144,20,10728
matmul_512x384x640,512,384,640,8.08000005,7.885715,8.354375,0.1093871262181272,20,13410
matmul_512x384x768,512,384,768,6.9090044,6.72,7.154285,0.0969463863458344,20,16092
matmul_512x384x896,512,384,896,8.177692,7.965715,8.355804,0.1287851852439392,20,18774
matmul_512x512x1024,512,512,1024,11.6258572,11.487143,11.87009,0.1462616932004161,20,28608
matmul_512x512x128,512,512,128,3.40329025,3.374375,3.568571,0.0393009184945232,20,3576
matmul_512x512x256,512,512,256,4.33479915,4.295714,4.552857,0.0718493254286723,20,7152
matmul_512x512x384,512,512,384,5.3063080000000005,5.242947,5.531518,0.094552663855708,20,10728
matmul_512x512x512,512,512,512,6.9497411,6.881518,7.155715,0.0927422633884385,20,14304
matmul_512x512x640,512,512,640,8.0952009,8.02,8.297142,0.1071049014898353,20,17880
matmul_512x512x768,512,512,768,9.29284825,9.172946,9.545714,0.1334108188183264,20,21456
matmul_512x512x896,512,512,896,10.38730345,10.267232,10.62,0.1363315098216863,20,25032
matmul_512x640x1024,512,640,1024,14.97236605,14.851518,15.184197,0.1270579914620318,20,32704
matmul_512x640x128,512,640,128,3.87863395,3.832857,4.051428,0.0800139200221633,20,4088
matmul_512x640x256,512,640,256,4.86874125,4.771518,5.011518,0.0890118836961937,20,8176
matmul_512x640x384,512,640,384,5.7539376,5.70009,5.927143,0.0811303579195073,20,12264
matmul_512x640x512,512,640,512,6.7469374,6.625714,6.927232,0.0979175476088239,20,16352
matmul_512x640x640,512,640,640,8.0857143,8.025715,8.274286,0.0779953394303318,20,20440
matmul_512x640x768,512,640,768,9.05029,8.971428,9.288571,0.1000975812242601,20,24528
matmul_512x640x896,512,640,896,13.52576775,13.367232,13.772768,0.1524121634802278,20,28616
matmul_512x768x1024,512,768,1024,17.3545849,17.235625,17.615804,0.1213331604931343,20,36800
matmul_512x768x128,512,768,128,4.33129915,4.272857,4.501339,0.0809465278948978,20,4600
matmul_512x768x256,512,768,256,5.27942405,5.194286,5.454375,0.0897266192805884,20,9200
matmul_512x768x384,512,768,384,6.75036605,6.678482,6.944375,0.0998213577739727,20,13800
matmul_512x768x512,512,768,512,7.73021885,7.628571,7.894286,0.1053517004180583,20,18400
matmul_512x768x640,512,768,640,9.2074195,9.070089,9.381429,0.1208143227695423,20,23000
matmul_512x768x768,512,768,768,13.6584911,13.591517,13.887143,0.0937737691759435,20,27600
matmul_512x768x896,512,768,896,15.71221415,15.565714,15.950089,0.1217934281578856,20,32200
matmul_512x896x1024,512,896,1024,19.76292425,19.668571,20.048571,0.1287060884258457,20,40896
matmul_512x896x128,512,896,128,4.7464999500000005,4.637053,4.911428,0.1067667678498447,20,5112
matmul_512x896x256,512,896,256,6.1597143,6.108571,6.38991,0.0781898414919537,20,10224
matmul_512x896x384,512,896,384,7.67733935,7.59,7.841428,0.0957479803878114,20,15336
matmul_512x896x512,512,896,512,8.6297991,8.571518,8.812947,0.0841243464420691,20,20448
matmul_512x896x640,512,896,640,13.5860045,13.5,13.762857,0.0984728836559907,20,25560
matmul_512x896x768,512,896,768,15.6642275,15.587143,15.94866,0.0990832424933703,20,30672
matmul_512x896x896,512,896,896,17.7403661,17.617143,17.972947,0.0883142778638941,20,35784
matmul_640x1024x1024,640,1024,1024,23.68651335,23.579911,24.032947,0.1373427536299624,20,56240
matmul_640x1024x128,640,1024,128,6.09798655,6.014196,6.265714,0.0867771802367389,20,7030
matmul_640x1024x256,640,1024,256,7.67950885,7.641517,7.832947,0.0521005694759007,20,14060
matmul_640x1024x384,640,1024,384,11.19729465,11.007053,11.474286,0.1329422212325319,20,21090
matmul_640x1024x512,640,1024,512,13.338509,13.208482,13.655715,0.1404129998843638,20,28120
matmul_640x1024x640,640,1024,640,16.38158925,16.257143,16.564286,0.1161445220698285,20,35150
matmul_640x1024x768,640,1024,768,18.8387144,18.698572,19.065714,0.13540436263725,20,42180
matmul_640x1024x896,640,1024,896,21.3260582,21.177143,21.634286,0.1399723129290032,20,49210
matmul_640x128x1024,640,128,1024,5.621058,5.41134,5.841428,0.129070435267358,20,8176
matmul_640x128x128,640,128,128,1.95757145,1.808661,2.178572,0.1017093835455111,20,1022
matmul_640x128x256,640,128,256,2.50464745,2.437143,2.765715,0.1095432974915086,20,2044
matmul_640x128x384,640,128,384,3.0349999,2.972857,3.192768,0.0881030554419084,20,3066
matmul_640x128x512,640,128,512,3.60435725,3.414285,3.762857,0.0980615910708941,20,4088
matmul_640x128x640,640,128,640,3.9610716,3.931339,4.227233,0.0684942171530599,20,5110
matmul_640x128x768,640,128,768,4.5729643,4.422946,4.755804,0.101771375534681,20,6132
matmul_640x128x896,640,128,896,4.98680375,4.861428,5.232857,0.1103648672878309,20,7154
matmul_640x256x1024,640,256,1024,9.4880267,9.381518,9.769911,0.1369544967114413,20,16352
matmul_640x256x128,640,256,128,2.7520894,2.682857,2.957232,0.0750452803406751,20,2044
matmul_640x256x256,640,256,256,3.65307145,3.561428,3.825714,0.0900988086535379,20,4088
matmul_640x256x384,640,256,384,4.462991150000001,4.371518,4.665625,0.1034905041132174,20,6132
matmul_640x256x512,640,256,512,5.3283619,5.25,5.55,0.1033903810093213,20,8176
matmul_640x256x640,640,256,640,6.5867946,6.505804,6.801339,0.0985148916893704,20,10220
matmul_640x256x768,640,256,768,7.54178585,7.502858,7.68009,0.0524392537305634,20,12264
matmul_640x256x896,640,256,896,8.43450885,8.352858,8.625714,0.1094947472435262,20,14308
matmul_640x384x1024,640,384,1024,9.3302278,9.151428,9.631429,0.121898449434722,20,24528
matmul_640x384x128,640,384,128,3.4264197,3.281429,3.577232,0.0890921909148637,20,3066
matmul_640x384x256,640,384,256,4.35827685,4.217142,4.564286,0.1037724877038199,20,6132
matmul_640x384x384,640,384,384,5.28354005,5.161518,5.560089,0.1450271928634057,20,9198
matmul_640x384x512,640,384,512,7.3592946,7.242946,7.679911,0.093347915035155,20,12264
matmul_640x384x640,640,384,640,8.70184825,8.582768,8.937053,0.1259415134743002,20,15330
matmul_640x384x768,640,384,768,7.64051335,7.482946,7.888571,0.0851188983099677,20,18396
matmul_640x384x896,640,384,896,11.28143315,11.14134,11.475715,0.1287279283962376,20,21462
matmul_640x512x1024,640,512,1024,13.0400134,12.912858,13.238572,0.127546708446419,20,32704
matmul_640x512x128,640,512,128,3.9952232,3.907143,4.195714,0.0968015336832612,20,4088
matmul_640x512x256,640,512,256,5.03928565,4.960089,5.287053,0.1072094929949745,20,8176
matmul_640x512x384,640,512,384,6.62478565,6.53,6.8,0.1071578422634351,20,12264
matmul_640x512x512,640,512,512,7.7874911,7.755714,8.054197,0.0731883809299493,20,16352
matmul_640x512x640,640,512,640,9.09958045,9.012768,9.311429,0.1088759448844008,20,20440
matmul_640x512x768,640,512,768,10.4271473,10.340089,10.731429,0.1226651784017221,20,24528
matmul_640x512x896,640,512,896,11.64508045,11.532947,11.95,0.1374403084130764,20,28616
matmul_640x640x1024,640,640,1024,13.5525891,13.377143,13.837053,0.1053172063924278,20,40880
matmul_640x640x128,640,640,128,4.9045089,4.755714,5.122947,0.0976635663149666,20,5110
matmul_640x640x256,640,640,256,6.11777215,5.99,6.368572,0.1053759067350762,20,10220
matmul_640x640x384,640,640,384,8.94963395,8.851517,9.174286,0.1172636783799992,20,15330
matmul_640x640x512,640,640,512,9.84379915,9.731429,10.068571,0.1283564012769359,20,20440
matmul_640x640x640,640,640,640,11.5025759,11.391429,11.751429,0.1321864565094161,20,25550
matmul_640x640x768,640,640,768,13.06327225,12.954196,13.421428,0.1413128504671276,20,30660
matmul_640x640x896,640,640,896,14.60155795,14.478572,14.865714,0.1319773658363533,20,35770
matmul_640x768x1024,640,768,1024,18.6799284,18.582768,18.965803,0.1374866643662885,20,46000
matmul_640x768x128,640,768,128,5.0503748,4.974375,5.214285,0.0803325202940875,20,5750
matmul_640x768x256,640,768,256,6.12198655,6.057233,6.345625,0.0888274747547917,20,11500
matmul_640x768x384,640,768,384,7.70655795,7.612768,7.914375,0.0958513767369347,20,17250
matmul_640x768x512,640,768,512,8.74993305,8.687233,8.988571,0.0880383585098144,20,23000
matmul_640x768x640,640,768,640,13.1188618,13.019911,13.371429,0.1295827340507334,20,28750
matmul_640x768x768,640,768,768,14.7810713,14.70866,15.085625,0.1174543179597027,20,34500
matmul_640x768x896,640,768,896,17.0069419,16.905714,17.242857,0.1205706694554563,20,40250
matmul_640x896x1024,640,896,1024,21.17549105,21.082768,21.468572,0.1250849030465115,20,51120
matmul_640x896x128,640,896,128,5.5459151,5.481339,5.734286,0.0858743305932079,20,6390
matmul_640x896x256,640,896,256,7.1252053,7.062857,7.271429,0.0665968862272736,20,12780
matmul_640x896x384,640,896,384,8.76299085,8.65,8.958661,0.0956615896003773,20,19170
matmul_640x896x512,640,896,512,12.39362945,12.317143,12.618482,0.1029194090346908,20,25560
matmul_640x896x640,640,896,640,14.71093735,14.642946,14.998571,0.1173211504220135,20,31950
matmul_640x896x768,640,896,768,17.03335705,16.871428,17.264196,0.1191273241401262,20,38340
matmul_640x896x896,640,896,896,19.2104286,19.128571,19.481518,0.1159812935272435,20,44730
matmul_768x1024x1024,768,1024,1024,25.2940537,25.215625,25.514285,0.0927345339604004,20,67488
matmul_768x1024x128,768,1024,128,7.0022188,6.95,7.21,0.0533473688224047,20,8436
matmul_768x1024x256,768,1024,256,10.46449555,10.228572,10.647054,0.1190850045893689,20,16872
matmul_768x1024x384,768,1024,384,12.93625895,12.798572,13.182857,0.1555075587127096,20,25308
matmul_768x1024x512,768,1024,512,15.0252098,14.917143,15.282768,0.1262666886006298,20,33744
matmul_768x1024x640,768,1024,640,17.6082856,17.497142,17.835714,0.1211026784915659,20,42180
matmul_768x1024x768,768,1024,768,20.0964153,20.04,20.309911,0.0758782789584393,20,50616
matmul_768x1024x896,768,1024,896,22.769299,22.642946,22.995715,0.1258766781116388,20,59052
matmul_768x128x1024,768,128,1024,7.11209825,6.917143,7.322947,0.1297074255732066,20,9200
matmul_768x128x128,768,128,128,2.12279015,1.972857,2.327233,0.098867957340919,20,1150
matmul_768x128x256,768,128,256,2.7275358,2.614375,2.89009,0.0687180692506478,20,2300
matmul_768x128x384,768,128,384,3.30508055,3.152946,3.484375,0.0889485750162329,20,3450
matmul_768x128x512,768,128,512,3.88150455,3.821339,4.102858,0.0933283328393704,20,4600
matmul_768x128x640,768,128,640,4.45054905,4.299911,4.642857,0.0719116248595784,20,5750
matmul_768x128x768,768,128,768,5.05542865,4.925804,5.257054,0.1167137612570419,20,6900
matmul_768x128x896,768,128,896,5.5634152,5.484286,5.757143,0.0942923758912726,20,8050
matmul_768x256x1024,768,256,1024,10.7016251,10.608661,10.925625,0.1040424354633596,20,18400
matmul_768x256x128,768,256,128,3.07594645,3.031518,3.327054,0.0841151303558809,20,2300
matmul_768x256x256,768,256,256,4.126009,4.06991,4.325714,0.0842086338685054,20,4600
matmul_768x256x384,768,256,384,5.0543572,4.982857,5.29,0.0954031276556707,20,6900
matmul_768x256x512,768,256,512,6.05758035,5.978482,6.235714,0.088104706273887,20,9200
matmul_768x256x640,768,256,640,7.3850981,7.331428,7.601428,0.0869353522699785,20,11500
matmul_768x256x768,768,256,768,8.52458045,8.472767,8.721339,0.0860784780188985,20,13800
matmul_768x256x896,768,256,896,9.51230335,9.401429,9.691428,0.1124828214946501,20,16100
matmul_768x384x1024,768,384,1024,10.21899545,10.06,10.527054,0.1146783977011937,20,27600
matmul_768x384x128,768,384,128,3.77501335,3.652768,3.994375,0.1084348840123223,20,3450
matmul_768x384x256,768,384,256,4.8309285,4.668482,5.001518,0.1124685747082034,20,6900
matmul_768x384x384,768,384,384,5.83272765,5.745714,6.091429,0.122755503070245,20,10350
matmul_768x384x512,768,384,512,7.9386473,7.847054,8.114286,0.0990989110753811,20,13800
matmul_768x384x640,768,384,640,9.3112812,9.118572,9.591517,0.1332490963333038,20,17250
matmul_768x384x768,768,384,768,10.6684999,10.587143,10.902768,0.1123439536563821,20,20700
matmul_768x384x896,768,384,896,11.9584196,11.784286,12.227143,0.1343452915522262,20,24150
matmul_768x512x1024,768,512,1024,14.4749286,14.385715,14.691428,0.1018646354920923,20,36800
matmul_768x512x128,768,512,128,4.4931964,4.437054,4.632767,0.0683948626336342,20,4600
matmul_768x512x256,768,512,256,5.67391955,5.631428,5.838661,0.064057950446595,20,9200
matmul_768x512x384,768,512,384,7.3322456,7.287143,7.568571,0.0873888574219608,20,13800
matmul_768x512x512,768,512,512,8.75691515,8.674286,8.997232,0.0979600038518809,20,18400
matmul_768x512x640,768,512,640,10.13976345,10.047143,10.351429,0.1157569794137585,20,23000
matmul_768x512x768,768,512,768,12.93879465,12.857143,13.164375,0.1095161173580711,20,27600
matmul_768x512x896,768,512,896,12.9179062,12.835625,13.235803,0.1154677599996047,20,32200
matmul_768x640x1024,768,640,1024,14.9262366,14.737053,15.160089,0.1277006013848098,20,46000
matmul_768x640x128,768,640,128,5.45590625,5.384196,5.635625,0.0963777275869738,20,5750
matmul_768x640x256,768,640,256,7.63085725,7.458661,7.831429,0.1124908763462385,20,11500
matmul_768x640x384,768,640,384,9.6007321,9.445714,9.872857,0.1111344740402364,20,17250
matmul_768x640x512,768,640,512,11.5865135,11.394196,11.767233,0.1151280075684631,20,23000
matmul_768x640x640,768,640,640,14.4142366,14.3,14.682947,0.1371856710832746,20,28750
matmul_768x640x768,768,640,768,16.6187635,16.457143,16.892768,0.1510018870929482,20,34500
matmul_768x640x896,768,640,896,16.1219867,15.992768,16.49,0.1461316690393325,20,40250
matmul_768x768x1024,768,768,1024,26.1730314,25.985715,26.362857,0.1335804004168121,20,55200
matmul_768x768x128,768,768,128,5.956049,5.932857,6.122946,0.0460446253449617,20,6900
matmul_768x768x256,768,768,256,7.60300005,7.537054,7.792768,0.1016954342066105,20,13800
matmul_768x768x384,768,768,384,9.45629045,9.345714,9.735714,0.1135100193182476,20,20700
matmul_768x768x512,768,768,512,11.1453795,11.055715,11.384196,0.1083966729191785,20,27600
matmul_768x768x640,768,768,640,14.7019196,14.574285,15.032768,0.1630496608338765,20,34500
matmul_768x768x768,768,768,768,16.85027685,16.751429,17.064196,0.1095365793524677,20,41400
matmul_768x768x896,768,768,896,16.49330355,16.392767,16.711518,0.1180362277757288,20,48300
matmul_768x896x1024,768,896,1024,22.56558045,22.502857,22.767233,0.0790270991126162,20,61344
matmul_768x896x128,768,896,128,6.4055759,6.328482,6.562857,0.0899244904443371,20,7668
matmul_768x896x256,768,896,256,8.1070136,8.045714,8.289911,0.0800417946512287,20,15336
matmul_768x896x384,768,896,384,11.32315605,11.152857,11.495803,0.099509687676218,20,23004
matmul_768x896x512,768,896,512,13.38907125,13.314375,13.608571,0.0997822111763914,20,30672
matmul_768x896x640,768,896,640,15.88292425,15.782946,16.114375,0.1181349342916482,20,38340
matmul_768x896x768,768,896,768,18.2531428,18.164286,18.562857,0.1268189856040573,20,46008
matmul_768x896x896,768,896,896,20.55480355,20.464286,20.814286,0.1235403757513582,20,53676
matmul_896x1024x1024,896,1024,1024,26.99141525,26.852768,27.237143,0.1466342308936635,20,78736
matmul_896x1024x128,896,1024,128,7.9651475,7.882857,8.122768,0.0925082035414897,20,9842
matmul_896x1024x256,896,1024,256,11.8140536,11.724196,12.02,0.0921653847667332,20,19684
matmul_896x1024x384,896,1024,384,13.40213385,13.341518,13.824196,0.1165270014560778,20,29526
matmul_896x1024x512,896,1024,512,16.220741,16.101518,16.391339,0.1225769572305281,20,39368
matmul_896x1024x640,896,1024,640,18.9121473,18.761429,19.167143,0.1418760994322713,20,49210
matmul_896x1024x768,896,1024,768,21.5285804,21.457143,21.797053,0.1191730042511836,20,59052
matmul_896x1024x896,896,1024,896,24.34552695,24.155804,24.615715,0.151670059966909,20,68894
matmul_896x128x1024,896,128,1024,7.7334957,7.588572,7.969911,0.0845381477945716,20,10224
matmul_896x128x128,896,128,128,2.2750715,2.134286,2.454286,0.0741181518150155,20,1278
matmul_896x128x256,896,128,256,2.96314725,2.868571,3.162857,0.0890302123083565,20,2556
matmul_896x128x384,896,128,384,3.5972143,3.442768,3.762857,0.1053603258757398,20,3834
matmul_896x128x512,896,128,512,4.2482232,4.104375,4.511339,0.1064909830112144,20,5112
matmul_896x128x640,896,128,640,4.86276775,4.695804,5.048571,0.1123454754144202,20,6390
matmul_896x128x768,896,128,768,5.54442425,5.401428,5.802858,0.1166249212633004,20,7668
matmul_896x128x896,896,128,896,6.9360803,6.744375,7.145714,0.1195626037174447,20,8946
matmul_896x256x1024,896,256,1024,11.88258495,11.811429,12.068661,0.0919897233662399,20,20448
matmul_896x256x128,896,256,128,3.3908616,3.345625,3.491339,0.0370879802395955,20,2556
matmul_896x256x256,896,256,256,4.5953572000000005,4.522768,4.815715,0.0943173703059599,20,5112
matmul_896x256x384,896,256,384,5.6531606,5.58,5.848661,0.0915848162676485,20,7668
matmul_896x256x512,896,256,512,7.05101785,7.015804,7.212857,0.0475707926372285,20,10224
matmul_896x256x640,896,256,640,8.20585275,8.122768,8.417053,0.1018221621031258,20,12780
matmul_896x256x768,896,256,768,9.55110265,9.441518,9.742946,0.1154597724606304,20,15336
matmul_896x256x896,896,256,896,10.5288571,10.46,10.76,0.0925357210275834,20,17892
matmul_896x384x1024,896,384,1024,11.0651252,10.96,11.262858,0.123933622429445,20,30672
matmul_896x384x128,896,384,128,4.1163705,3.972768,4.305803,0.0911523452760036,20,3834
matmul_896x384x256,896,384,256,5.2886475,5.13134,5.501339,0.1276771046542595,20,7668
matmul_896x384x384,896,384,384,7.10321885,6.929911,7.344375,0.1323015574218214,20,11502
matmul_896x384x512,896,384,512,8.51428575,8.322857,8.875715,0.1571338846340831,20,15336
matmul_896x384x640,896,384,640,9.939567,9.821428,10.342947,0.1630813147704641,20,19170
matmul_896x384x768,896,384,768,11.34992405,11.182947,11.604196,0.1245899136605558,20,23004
matmul_896x384x896,896,384,896,12.7794064,12.522857,12.991429,0.1289192534154615,20,26838
matmul_896x512x1024,896,512,1024,20.4333525,20.335625,20.68,0.1398199307035566,20,40896
matmul_896x512x128,896,512,128,5.010924,4.962857,5.171339,0.044987139994026,20,5112
matmul_896x512x256,896,512,256,6.4581251,6.417143,6.658482,0.0728803622802105,20,10224
matmul_896x512x384,896,512,384,8.1324329,8.052947,8.325714,0.1014305899192048,20,15336
matmul_896x512x512,896,512,512,9.60685275,9.522858,9.812857,0.1073949210010834,20,20448
matmul_896x512x640,896,512,640,11.1617231,11.058571,11.424286,0.129274678611454,20,25560
matmul_896x512x768,896,512,768,14.27464745,14.175714,14.531428,0.130945911270938,20,30672
matmul_896x512x896,896,512,896,14.28564735,14.118482,14.498572,0.1462207527834379,20,35784
matmul_896x640x1024,896,640,1024,16.30643755,16.144196,16.581339,0.1491957655813943,20,51120
matmul_896x640x128,896,640,128,5.9785001,5.842768,6.217232,0.1009363619316124,20,6390
matmul_896x640x256,896,640,256,8.20550445,8.018571,8.415714,0.0979693941507271,20,12780
matmul_896x640x384,896,640,384,10.292933,10.194375,10.562857,0.1279280287558921,20,19170
matmul_896x640x512,896,640,512,12.32362055,12.238482,12.622768,0.1305537418143741,20,25560
matmul_896x640x640,896,640,640,14.52337505,14.331428,14.77,0.1370825965983837,20,31950
matmul_896x640x768,896,640,768,18.0163036,17.854286,18.238572,0.1320276227522901,20,38340
matmul_896x640x896,896,640,896,17.6105759,17.471429,17.974286,0.159441042583441,20,44730
matmul_896x768x1024,896,768,1024,29.71570995,29.642947,29.94134,0.1095241168767363,20,61344
matmul_896x768x128,896,768,128,6.7240492,6.661429,6.895715,0.0756265511907723,20,7668
matmul_896x768x256,896,768,256,8.41191965,8.332947,8.652857,0.1099767289926539,20,15336
matmul_896x768x384,896,768,384,10.37720975,10.327143,10.622946,0.0865368149109629,20,23004
matmul_896x768x512,896,768,512,12.2557188,12.171429,12.545714,0.1161492317475102,20,30672
matmul_896x768x640,896,768,640,16.0748483,15.918571,16.314285,0.131719907832012,20,38340
matmul_896x768x768,896,768,768,18.288509,18.208572,18.495715,0.1009637843090286,20,46008
matmul_896x768x896,896,768,896,18.0332189,17.918571,18.225804,0.126666170577334,20,53676
matmul_896x896x1024,896,896,1024,25.9372141,25.764196,26.188661,0.1480573723825716,20,71568
matmul_896x896x128,896,896,128,8.04077685,7.904286,8.208572,0.1237892804147752,20,8946
matmul_896x896x256,896,896,256,10.72620525,10.632857,10.912857,0.098427052857955,20,17892
matmul_896x896x384,896,896,384,13.59435695,13.377142,13.771339,0.1366832007432457,20,26838
matmul_896x896x512,896,896,512,16.49891525,16.378572,16.834286,0.1350515330764617,20,35784
matmul_896x896x640,896,896,640,21.3659196,21.214285,21.612768,0.1502421635873582,20,44730
matmul_896x896x768,896,896,768,23.4485982,23.337143,23.777143,0.1339635268479328,20,53676
matmul_896x896x896,896,896,896,23.23300005,23.008571,23.484286,0.1709328793728157,20,62622
