kernel_name,dim_m,dim_n,dim_k,fusion_avg,fusion_min,fusion_max,fusion_stddev,sample_count
matmul_112x112x112,112,112,112,1.3437991,1.2,1.514375,0.10880152222566124,20
matmul_112x112x128,112,112,128,1.3058348499999999,1.2,1.507142,0.09251122104871216,20
matmul_112x112x32,112,112,32,1.2924195,1.251339,1.43,0.06289361396625924,20
matmul_112x112x48,112,112,48,1.27020525,1.22866,1.422857,0.04432532754398528,20
matmul_112x112x64,112,112,64,1.2808572,1.237143,1.481428,0.06150137948183292,20
matmul_112x112x80,112,112,80,1.33070515,1.275714,1.534285,0.0824544121083536,20
matmul_112x112x96,112,112,96,1.37119645,1.312768,1.574285,0.08104230124056071,20
matmul_112x128x112,112,128,112,1.30799995,1.201428,1.53,0.08548513868348237,20
matmul_112x128x128,112,128,128,1.2359377,1.205714,1.529911,0.08263876376966771,20
matmul_112x128x32,112,128,32,1.2863618,1.221518,1.43009,0.07321358619934158,20
matmul_112x128x48,112,128,48,1.2862054,1.231429,1.492858,0.08261662589295717,20
matmul_112x128x64,112,128,64,1.2753617,1.235714,1.464197,0.05285164505242357,20
matmul_112x128x80,112,128,80,1.3077813,1.264375,1.505714,0.053291967684583934,20
matmul_112x128x96,112,128,96,1.36342855,1.305714,1.574375,0.0813140379493538,20
matmul_112x32x112,112,32,112,1.13669185,1.07991,1.268571,0.07394808642574158,20
matmul_112x32x128,112,32,128,1.09608475,1.077232,1.244286,0.04671993697935886,20
matmul_112x32x32,112,32,32,1.1526248,1.115625,1.254285,0.03857905007370549,20
matmul_112x32x48,112,32,48,1.02650875,1.002946,1.184286,0.03799454613338049,20
matmul_112x32x64,112,32,64,1.05657585,1.018572,1.175715,0.05202482660410164,20
matmul_112x32x80,112,32,80,1.0888528,1.034196,1.272768,0.07407651857910168,20
matmul_112x32x96,112,32,96,1.0828125,1.041517,1.228571,0.04417583477244213,20
matmul_112x48x112,112,48,112,1.13885725,1.085625,1.335714,0.08225491258653446,20
matmul_112x48x128,112,48,128,1.1214195,1.08,1.302857,0.06083037121589143,20
matmul_112x48x32,112,48,32,1.1906206,1.154286,1.36,0.06567801920405657,20
matmul_112x48x48,112,48,48,1.18913835,1.161429,1.365804,0.06202558020286977,20
matmul_112x48x64,112,48,64,1.1035179,1.04,1.28,0.07096167467903101,20
matmul_112x48x80,112,48,80,1.09086155,1.055714,1.198572,0.03860507937874849,20
matmul_112x48x96,112,48,96,1.1089866,1.065714,1.347143,0.06592341857704445,20
matmul_112x64x112,112,64,112,1.1485492,1.098482,1.311339,0.05945151868238615,20
matmul_112x64x128,112,64,128,1.16514295,1.127054,1.335625,0.06714942855302174,20
matmul_112x64x32,112,64,32,1.2008749,1.15,1.384285,0.06161701706159121,20
matmul_112x64x48,112,64,48,1.20729905,1.185714,1.387143,0.0543231385153257,20
matmul_112x64x64,112,64,64,1.2580715,1.171428,1.447143,0.09983736145377956,20
matmul_112x64x80,112,64,80,1.114906,1.08,1.178571,0.028505366275954343,20
matmul_112x64x96,112,64,96,1.127076,1.085714,1.26,0.04707472311124093,20
matmul_112x80x112,112,80,112,1.18176795,1.151339,1.388571,0.06152504503343163,20
matmul_112x80x128,112,80,128,1.17284815,1.125714,1.338571,0.050050582721540705,20
matmul_112x80x32,112,80,32,1.2189955,1.197232,1.36,0.04700839428901588,20
matmul_112x80x48,112,80,48,1.2424286,1.185714,1.422857,0.06962879637606088,20
matmul_112x80x64,112,80,64,1.2352055,1.197054,1.449911,0.05478899520168738,20
matmul_112x80x80,112,80,80,1.2650759,1.217142,1.454285,0.06340847125449076,20
matmul_112x80x96,112,80,96,1.16544185,1.112946,1.371429,0.06237938490717401,20
matmul_112x96x112,112,96,112,1.2064104,1.172857,1.385625,0.06593020051810776,20
matmul_112x96x128,112,96,128,1.18991965,1.141429,1.299911,0.04407285578660456,20
matmul_112x96x32,112,96,32,1.2553393,1.202857,1.447054,0.06834767315725185,20
matmul_112x96x48,112,96,48,1.2804508,1.275714,1.317143,0.008856063070901733,20
matmul_112x96x64,112,96,64,1.2377366,1.21009,1.332768,0.023075414080563603,20
matmul_112x96x80,112,96,80,1.30102225,1.26,1.542946,0.08814653212563905,20
matmul_112x96x96,112,96,96,1.31108925,1.294375,1.45,0.038355872781478284,20
matmul_128x112x112,128,112,112,1.3787054,1.335804,1.504196,0.05269979529911307,20
matmul_128x112x128,128,112,128,1.2335224,1.182857,1.422857,0.06273326050610087,20
matmul_128x112x32,128,112,32,1.28362035,1.250089,1.462857,0.06213710896521711,20
matmul_128x112x48,128,112,48,1.27035265,1.251429,1.444375,0.04586506669772585,20
matmul_128x112x64,128,112,64,1.27071435,1.234285,1.477143,0.05298171221158349,20
matmul_128x112x80,128,112,80,1.2897188,1.262768,1.411429,0.029097465340146955,20
matmul_128x112x96,128,112,96,1.33583935,1.295625,1.55991,0.06041923150722526,20
matmul_128x128x112,128,128,112,1.3926384,1.351429,1.551429,0.044002317025595955,20
matmul_128x128x128,128,128,128,1.42920535,1.331428,1.598571,0.07368906454847252,20
matmul_128x128x32,128,128,32,1.29109385,1.235803,1.457143,0.06602578817343786,20
matmul_128x128x48,128,128,48,1.29050005,1.271428,1.354286,0.024914431916746815,20
matmul_128x128x64,128,128,64,1.3249284,1.277143,1.545625,0.08268673745267996,20
matmul_128x128x80,128,128,80,1.35250015,1.295715,1.561428,0.07515439318060348,20
matmul_128x128x96,128,128,96,1.3834242,1.328661,1.577143,0.07356949246843526,20
matmul_128x32x112,128,32,112,1.09613855,1.052858,1.244286,0.04609911963593114,20
matmul_128x32x128,128,32,128,1.08912075,1.072857,1.094197,0.004143420769250062,20
matmul_128x32x32,128,32,32,1.1613704,1.131518,1.338571,0.058482975005686826,20
matmul_128x32x48,128,32,48,1.033366,1.005714,1.222947,0.05628095050912454,20
matmul_128x32x64,128,32,64,1.0754417,1.028661,1.26,0.0795444182613516,20
matmul_128x32x80,128,32,80,1.08685285,1.024375,1.245625,0.0729334006599063,20
matmul_128x32x96,128,32,96,1.102558,1.062947,1.298482,0.07189223278959753,20
matmul_128x48x112,128,48,112,1.1127812000000001,1.077143,1.284285,0.040874740741621035,20
matmul_128x48x128,128,48,128,1.1437724,1.097143,1.261518,0.05190173246109572,20
matmul_128x48x32,128,48,32,1.1659909,1.135625,1.345803,0.0435567082861678,20
matmul_128x48x48,128,48,48,1.17585705,1.142947,1.322946,0.038872788945042126,20
matmul_128x48x64,128,48,64,1.0781742,1.035714,1.262858,0.05723653354154698,20
matmul_128x48x80,128,48,80,1.14635705,1.072946,1.314285,0.10150941941435519,20
matmul_128x48x96,128,48,96,1.1382857,1.072857,1.25,0.03357622983302325,20
matmul_128x64x112,128,64,112,1.15635285,1.102857,1.307143,0.06077101690970352,20
matmul_128x64x128,128,64,128,1.15848215,1.115714,1.317143,0.05185623379901802,20
matmul_128x64x32,128,64,32,1.21279925,1.161429,1.402947,0.0717582067618126,20
matmul_128x64x48,128,64,48,1.19378565,1.157143,1.338572,0.04855512724975063,20
matmul_128x64x64,128,64,64,1.2082858,1.16,1.387054,0.052889339380097745,20
matmul_128x64x80,128,64,80,1.1417278,1.071428,1.325714,0.0824507623472464,20
matmul_128x64x96,128,64,96,1.12023205,1.092857,1.187143,0.0173689503106004,20
matmul_128x80x112,128,80,112,1.18499545,1.120089,1.351428,0.07333469576248558,20
matmul_128x80x128,128,80,128,1.21871875,1.135714,1.392768,0.060236469102918376,20
matmul_128x80x32,128,80,32,1.2635312,1.187232,1.441428,0.09188366267337017,20
matmul_128x80x48,128,80,48,1.23104905,1.187053,1.417143,0.060606689889096885,20
matmul_128x80x64,128,80,64,1.23341525,1.191339,1.417232,0.06048243654925129,20
matmul_128x80x80,128,80,80,1.25478135,1.211518,1.35134,0.04153878473031018,20
matmul_128x80x96,128,80,96,1.17584365,1.13134,1.355803,0.08007541097271996,20
matmul_128x96x112,128,96,112,1.2190133,1.167143,1.397232,0.08312646789592733,20
matmul_128x96x128,128,96,128,1.20949555,1.184196,1.374375,0.0527249611628965,20
matmul_128x96x32,128,96,32,1.22662965,1.192768,1.407143,0.04296236597948561,20
matmul_128x96x48,128,96,48,1.2546651,1.208482,1.445804,0.0587651728106296,20
matmul_128x96x64,128,96,64,1.2961297,1.232857,1.457233,0.08347790553389749,20
matmul_128x96x80,128,96,80,1.29056705,1.24,1.522857,0.07693767369383105,20
matmul_128x96x96,128,96,96,1.35129015,1.28009,1.531428,0.085216922536903,20
matmul_32x112x112,32,112,112,1.1232679,1.074286,1.284375,0.06974249669424926,20
matmul_32x112x128,32,112,128,1.0839242,1.057054,1.147232,0.01878658077234357,20
matmul_32x112x32,32,112,32,1.13000455,1.017143,1.307233,0.09078503592348766,20
matmul_32x112x48,32,112,48,1.0297904,1.012768,1.162768,0.03614121812294832,20
matmul_32x112x64,32,112,64,1.07342415,1.037143,1.295625,0.06939104245792373,20
matmul_32x112x80,32,112,80,1.080866,1.032857,1.278661,0.06975160060038615,20
matmul_32x112x96,32,112,96,1.0912677,1.065714,1.23,0.04693157995938569,20
matmul_32x128x112,32,128,112,1.10957595,1.054285,1.280089,0.06568521199148092,20
matmul_32x128x128,32,128,128,1.0991385,1.074285,1.102857,0.006198050894816614,20
matmul_32x128x32,32,128,32,1.1252856,1.028572,1.278482,0.07726453464586519,20
matmul_32x128x48,32,128,48,1.0506609,1.014286,1.237143,0.06617857748141133,20
matmul_32x128x64,32,128,64,1.05234835,1.012768,1.244286,0.04831146202373774,20
matmul_32x128x80,32,128,80,1.08077205,1.031518,1.25,0.062281609105632796,20
matmul_32x128x96,32,128,96,1.116152,1.048572,1.305625,0.08153430359057469,20
matmul_32x32x112,32,32,112,1.0856919,1.018482,1.288571,0.04962367789239748,20
matmul_32x32x128,32,32,128,1.088018,1.018572,1.227232,0.047481996377574553,20
matmul_32x32x32,32,32,32,1.09356215,1.02,1.28009,0.06066422875422333,20
matmul_32x32x48,32,32,48,1.10471885,1.02,1.302947,0.07095105046162387,20
matmul_32x32x64,32,32,64,1.09498665,1.02134,1.311428,0.05878261386379927,20
matmul_32x32x80,32,32,80,1.1118349,1.074285,1.254197,0.06587234066291045,20
matmul_32x32x96,32,32,96,1.11157585,1.048572,1.3,0.07367058242807711,20
matmul_32x48x112,32,48,112,1.0325491,1.008482,1.238482,0.05289668773820991,20
matmul_32x48x128,32,48,128,1.0282992,0.994286,1.177143,0.04671040750433518,20
matmul_32x48x32,32,48,32,1.14083485,1.08,1.297054,0.08072067320821129,20
matmul_32x48x48,32,48,48,1.0504062,1.001339,1.255625,0.07028556175878065,20
matmul_32x48x64,32,48,64,1.0448572,1.002857,1.204197,0.05920362877623031,20
matmul_32x48x80,32,48,80,1.0325714,0.998661,1.162946,0.04186956485311826,20
matmul_32x48x96,32,48,96,1.0418390499999999,1.001429,1.191428,0.04938989289049138,20
matmul_32x64x112,32,64,112,1.07065185,1.010089,1.251429,0.0710593541138785,20
matmul_32x64x128,32,64,128,1.07799105,1.03,1.29,0.08008449839123874,20
matmul_32x64x32,32,64,32,1.1184107,1.021429,1.295714,0.08198345307573386,20
matmul_32x64x48,32,64,48,1.029942,1.014375,1.234286,0.048212063554783954,20
matmul_32x64x64,32,64,64,1.1056473,1.039911,1.275715,0.08704743636183908,20
matmul_32x64x80,32,64,80,1.0475001,1.035714,1.211518,0.03957720459650589,20
matmul_32x64x96,32,64,96,1.06141935,1.008482,1.174285,0.04883216405551506,20
matmul_32x80x112,32,80,112,1.05870555,1.032768,1.164375,0.025356924760569003,20
matmul_32x80x128,32,80,128,1.06794195,1.027143,1.252947,0.059011946610723176,20
matmul_32x80x32,32,80,32,1.13137515,1.019911,1.278572,0.08492236068208667,20
matmul_32x80x48,32,80,48,1.0563170499999999,1.004286,1.25,0.06773947335154545,20
matmul_32x80x64,32,80,64,1.06229905,1.028572,1.22,0.06288114753328401,20
matmul_32x80x80,32,80,80,1.09634815,1.041428,1.23,0.06730206430029899,20
matmul_32x80x96,32,80,96,1.07127225,1.027054,1.228482,0.05572153162200974,20
matmul_32x96x112,32,96,112,1.1062275,1.048571,1.308571,0.07499377072902717,20
matmul_32x96x128,32,96,128,1.0980043,1.041339,1.264196,0.07063635597242514,20
matmul_32x96x32,32,96,32,1.09090615,1.024197,1.238571,0.04401968990215151,20
matmul_32x96x48,32,96,48,1.03250445,1.002947,1.105804,0.023952994524309042,20
matmul_32x96x64,32,96,64,1.05447315,1.038482,1.217233,0.04285974869179338,20
matmul_32x96x80,32,96,80,1.0570668,1.031429,1.137142,0.02412676201059295,20
matmul_32x96x96,32,96,96,1.085134,1.048571,1.248572,0.05213055725266789,20
matmul_48x112x112,48,112,112,1.1393527,1.081339,1.317232,0.07618759041726855,20
matmul_48x112x128,48,112,128,1.12521895,1.078661,1.305715,0.06223482737560255,20
matmul_48x112x32,48,112,32,1.1756296,1.13134,1.361428,0.05954009931519397,20
matmul_48x112x48,48,112,48,1.1293572,1.059911,1.321428,0.05168435011795922,20
matmul_48x112x64,48,112,64,1.086,1.037143,1.231428,0.05808674195319309,20
matmul_48x112x80,48,112,80,1.08542865,1.051428,1.198661,0.037861888487216555,20
matmul_48x112x96,48,112,96,1.1219151,1.071428,1.318572,0.06503686028294385,20
matmul_48x128x112,48,128,112,1.1349286,1.082857,1.312857,0.06972975386854895,20
matmul_48x128x128,48,128,128,1.1552099,1.117142,1.344286,0.06825907332007808,20
matmul_48x128x32,48,128,32,1.16570965,1.161428,1.198571,0.007945617284323952,20
matmul_48x128x48,48,128,48,1.16192855,1.117142,1.39,0.08669059911970965,20
matmul_48x128x64,48,128,64,1.0937187,1.045714,1.284375,0.06240645772682925,20
matmul_48x128x80,48,128,80,1.0972052,1.049911,1.287053,0.06283090146668112,20
matmul_48x128x96,48,128,96,1.10243755,1.072857,1.222947,0.033671753082204485,20
matmul_48x32x112,48,32,112,1.02410705,1.011428,1.178571,0.036880505417353944,20
matmul_48x32x128,48,32,128,1.0608795,1.022946,1.200089,0.06473817989206092,20
matmul_48x32x32,48,32,32,1.15486615,1.111429,1.332768,0.06022459985515187,20
matmul_48x32x48,48,32,48,1.0369017999999999,1.001428,1.24,0.052326695660004544,20
matmul_48x32x64,48,32,64,1.0315536,0.999911,1.238571,0.055833592406269866,20
matmul_48x32x80,48,32,80,1.07620985,1.022857,1.214286,0.07304558206553019,20
matmul_48x32x96,48,32,96,1.0493526499999999,0.992857,1.214286,0.059988090094508284,20
matmul_48x48x112,48,48,112,1.1626428500000001,1.111518,1.33991,0.08151298021482609,20
matmul_48x48x128,48,48,128,1.18144625,1.117143,1.341339,0.08858349577591514,20
matmul_48x48x32,48,48,32,1.1639778,1.142857,1.167143,0.005120644466018735,20
matmul_48x48x48,48,48,48,1.15335265,1.055715,1.348571,0.08415350366679551,20
matmul_48x48x64,48,48,64,1.1534107,1.112767,1.34,0.07989565799288338,20
matmul_48x48x80,48,48,80,1.14220105,1.057143,1.338572,0.07348803161308506,20
matmul_48x48x96,48,48,96,1.1407856,1.055803,1.314197,0.06171778113690705,20
matmul_48x64x112,48,64,112,1.06821885,1.037054,1.174286,0.03781436740220505,20
matmul_48x64x128,48,64,128,1.07798675,1.037054,1.275715,0.05588059799709697,20
matmul_48x64x32,48,64,32,1.19779465,1.145804,1.375714,0.06991211929594185,20
matmul_48x64x48,48,64,48,1.1249955,1.060089,1.218572,0.02620109235268033,20
matmul_48x64x64,48,64,64,1.0889688,1.058482,1.23,0.058252774199671335,20
matmul_48x64x80,48,64,80,1.08720545,1.051518,1.24991,0.06106075357894749,20
matmul_48x64x96,48,64,96,1.0750177,1.032857,1.245714,0.05872062776186379,20
matmul_48x80x112,48,80,112,1.114366,1.054196,1.275714,0.06812042349205444,20
matmul_48x80x128,48,80,128,1.0898527,1.055625,1.182946,0.029425746175934537,20
matmul_48x80x32,48,80,32,1.16263385,1.141428,1.174286,0.005883803042206063,20
matmul_48x80x48,48,80,48,1.17157595,1.055625,1.397143,0.09808046131377894,20
matmul_48x80x64,48,80,64,1.07835735,1.038661,1.205715,0.041439695903267244,20
matmul_48x80x80,48,80,80,1.09009815,1.075803,1.204375,0.031166092562396948,20
matmul_48x80x96,48,80,96,1.08584385,1.048661,1.24,0.042813788733457786,20
matmul_48x96x112,48,96,112,1.1125536,1.06991,1.32,0.0645630048560482,20
matmul_48x96x128,48,96,128,1.09128115,1.068572,1.271518,0.04254852213436349,20
matmul_48x96x32,48,96,32,1.17231245,1.137143,1.278661,0.038287274297116425,20
matmul_48x96x48,48,96,48,1.17535255,1.11,1.331339,0.09171738482366416,20
matmul_48x96x64,48,96,64,1.1061875,1.06,1.332857,0.080382196884961,20
matmul_48x96x80,48,96,80,1.10614275,1.074286,1.277142,0.06950931371207521,20
matmul_48x96x96,48,96,96,1.12106705,1.087054,1.265804,0.05394641255666783,20
matmul_64x112x112,64,112,112,1.2016563,1.118571,1.412858,0.07225990426967888,20
matmul_64x112x128,64,112,128,1.1640535,1.102946,1.359911,0.0772021760332127,20
matmul_64x112x32,64,112,32,1.2112767,1.181339,1.384285,0.06233050477060087,20
matmul_64x112x48,64,112,48,1.22069195,1.167143,1.458482,0.07952548228578588,20
matmul_64x112x64,64,112,64,1.17800925,1.145714,1.345715,0.06550232733259823,20
matmul_64x112x80,64,112,80,1.1360803,1.098482,1.288571,0.06443107375948344,20
matmul_64x112x96,64,112,96,1.12979465,1.097054,1.348571,0.05379611168718911,20
matmul_64x128x112,64,128,112,1.15723655,1.114196,1.34,0.059227580015319345,20
matmul_64x128x128,64,128,128,1.17040625,1.117053,1.351339,0.059777558304341526,20
matmul_64x128x32,64,128,32,1.1956562,1.154286,1.278572,0.03706908972886059,20
matmul_64x128x48,64,128,48,1.2215847,1.168571,1.44991,0.07001920177170952,20
matmul_64x128x64,64,128,64,1.17621885,1.091429,1.3,0.05479926576657087,20
matmul_64x128x80,64,128,80,1.135509,1.08,1.325714,0.07868904314418473,20
matmul_64x128x96,64,128,96,1.1468705,1.088661,1.337143,0.059654251936074355,20
matmul_64x32x112,64,32,112,1.0471294,1.011339,1.195625,0.044649615994576675,20
matmul_64x32x128,64,32,128,1.0342186,1.008571,1.037054,0.006085204432841464,20
matmul_64x32x32,64,32,32,1.15922775,1.114375,1.349911,0.059617766519081274,20
matmul_64x32x48,64,32,48,1.04387065,0.991428,1.221429,0.06649049365869017,20
matmul_64x32x64,64,32,64,1.0450043,1.005714,1.160089,0.03906055753785934,20
matmul_64x32x80,64,32,80,1.07904905,1.008571,1.21,0.06690121077299054,20
matmul_64x32x96,64,32,96,1.03059365,1.012858,1.034285,0.004453866673435188,20
matmul_64x48x112,64,48,112,1.0824912500000001,1.029911,1.29009,0.061609618802906684,20
matmul_64x48x128,64,48,128,1.07314735,1.057053,1.245715,0.04336801857211201,20
matmul_64x48x32,64,48,32,1.1935893,1.141518,1.31866,0.05708305909913892,20
matmul_64x48x48,64,48,48,1.1849287,1.145714,1.368482,0.05338816526367107,20
matmul_64x48x64,64,48,64,1.095732,1.037232,1.264375,0.06965665631623366,20
matmul_64x48x80,64,48,80,1.0767276,1.031517,1.335715,0.06802256043665143,20
matmul_64x48x96,64,48,96,1.08849095,1.027054,1.298571,0.07821321107108438,20
matmul_64x64x112,64,64,112,1.2074376,1.09134,1.425715,0.10238768868138297,20
matmul_64x64x128,64,64,128,1.15056265,1.091429,1.234286,0.023566400931645307,20
matmul_64x64x32,64,64,32,1.23098215,1.161428,1.382857,0.07005400947034406,20
matmul_64x64x48,64,64,48,1.20339735,1.165714,1.387143,0.051472265648369465,20
matmul_64x64x64,64,64,64,1.20365615,1.15,1.384375,0.08887510472110198,20
matmul_64x64x80,64,64,80,1.1754017,1.091429,1.327054,0.06348869583435594,20
matmul_64x64x96,64,64,96,1.1728706,1.154286,1.3,0.0441739925002317,20
matmul_64x80x112,64,80,112,1.1564865,1.097142,1.305625,0.07880571644807713,20
matmul_64x80x128,64,80,128,1.1464374,1.077232,1.327143,0.07968778514625556,20
matmul_64x80x32,64,80,32,1.2089286,1.172767,1.374285,0.0718749332619553,20
matmul_64x80x48,64,80,48,1.2175759,1.164375,1.427054,0.06876146871605837,20
matmul_64x80x64,64,80,64,1.1968482999999999,1.092768,1.388571,0.08378575518239488,20
matmul_64x80x80,64,80,80,1.1392633,1.099911,1.281429,0.06874747528539346,20
matmul_64x80x96,64,80,96,1.11077665,1.072857,1.23,0.034434439508135926,20
matmul_64x96x112,64,96,112,1.1440893,1.105714,1.308661,0.067592071218372,20
matmul_64x96x128,64,96,128,1.1179151,1.097143,1.211428,0.02312343768127912,20
matmul_64x96x32,64,96,32,1.1882143,1.162857,1.237143,0.012830694189284847,20
matmul_64x96x48,64,96,48,1.1943438,1.17,1.282768,0.02136366795236592,20
matmul_64x96x64,64,96,64,1.2101966,1.091429,1.388483,0.09712779033255214,20
matmul_64x96x80,64,96,80,1.1247231,1.099911,1.285714,0.049371532591266865,20
matmul_64x96x96,64,96,96,1.1497098000000001,1.091339,1.340089,0.07295397662737357,20
matmul_80x112x112,80,112,112,1.20008025,1.147232,1.394197,0.08489678623318837,20
matmul_80x112x128,80,112,128,1.1573749,1.124375,1.262857,0.027782282619835626,20
matmul_80x112x32,80,112,32,1.22877655,1.185714,1.34866,0.04278782951589831,20
matmul_80x112x48,80,112,48,1.2493753,1.205715,1.405715,0.073260259608503,20
matmul_80x112x64,80,112,64,1.24738385,1.212857,1.460089,0.06477934232313894,20
matmul_80x112x80,80,112,80,1.22943295,1.190089,1.408572,0.07216629350945014,20
matmul_80x112x96,80,112,96,1.1685581,1.11,1.384196,0.06911485682231006,20
matmul_80x128x112,80,128,112,1.1819733,1.152768,1.377054,0.05760458444484397,20
matmul_80x128x128,80,128,128,1.19663835,1.138572,1.382857,0.06455252509658115,20
matmul_80x128x32,80,128,32,1.2389777,1.182857,1.422857,0.07663910086969829,20
matmul_80x128x48,80,128,48,1.2292992,1.19,1.364286,0.04274847440134099,20
matmul_80x128x64,80,128,64,1.2230892500000001,1.191429,1.288571,0.023000167161577875,20
matmul_80x128x80,80,128,80,1.2407902,1.128571,1.390089,0.07756958083152794,20
matmul_80x128x96,80,128,96,1.168433,1.111428,1.387143,0.07266156526629032,20
matmul_80x32x112,80,32,112,1.07976335,1.031429,1.292768,0.08402545995318762,20
matmul_80x32x128,80,32,128,1.07427665,1.031428,1.185714,0.04062340487980969,20
matmul_80x32x32,80,32,32,1.1477232499999999,1.110089,1.290089,0.04010124584476937,20
matmul_80x32x48,80,32,48,1.0478706,1.022946,1.194286,0.0541579969411137,20
matmul_80x32x64,80,32,64,1.0438571,1.028572,1.214286,0.04386521322354844,20
matmul_80x32x80,80,32,80,1.072933,1.022857,1.262857,0.06240344635641441,20
matmul_80x32x96,80,32,96,1.071701,1.031339,1.248572,0.056117964253882206,20
matmul_80x48x112,80,48,112,1.0914063,1.051428,1.257143,0.04604369395659321,20
matmul_80x48x128,80,48,128,1.1146607,1.051429,1.255803,0.06920012158956461,20
matmul_80x48x32,80,48,32,1.1667232,1.141518,1.241428,0.0183507060687335,20
matmul_80x48x48,80,48,48,1.22278565,1.145715,1.398482,0.08699261294608206,20
matmul_80x48x64,80,48,64,1.07729035,1.031428,1.255625,0.05581636822773593,20
matmul_80x48x80,80,48,80,1.08220985,1.044286,1.252768,0.04175758170336448,20
matmul_80x48x96,80,48,96,1.10005805,1.057054,1.291429,0.057731861166380294,20
matmul_80x64x112,80,64,112,1.1314731,1.075714,1.351339,0.0768434927100806,20
matmul_80x64x128,80,64,128,1.10970105,1.091339,1.275714,0.0420146368010445,20
matmul_80x64x32,80,64,32,1.2035046,1.178571,1.314286,0.04378790244300238,20
matmul_80x64x48,80,64,48,1.19856235,1.182946,1.351518,0.038323898369548394,20
matmul_80x64x64,80,64,64,1.23911605,1.168482,1.434286,0.09130062614962266,20
matmul_80x64x80,80,64,80,1.1071292,1.077143,1.18,0.023749942009015052,20
matmul_80x64x96,80,64,96,1.11986165,1.077143,1.281429,0.053434533138347506,20
matmul_80x80x112,80,80,112,1.23770535,1.12991,1.44,0.09476701045210272,20
matmul_80x80x128,80,80,128,1.24999105,1.191429,1.437143,0.08639951519690678,20
matmul_80x80x32,80,80,32,1.2599865,1.202768,1.407143,0.07517024449558692,20
matmul_80x80x48,80,80,48,1.2346830500000001,1.188571,1.425714,0.06037743820725627,20
matmul_80x80x64,80,80,64,1.24566515,1.194286,1.394286,0.05029971740035186,20
matmul_80x80x80,80,80,80,1.23064275,1.122946,1.428661,0.09138562418781943,20
matmul_80x80x96,80,80,96,1.20845095,1.125714,1.410089,0.06137988378894779,20
matmul_80x96x112,80,96,112,1.1445624,1.102857,1.231429,0.030443067494310735,20
matmul_80x96x128,80,96,128,1.1734913,1.135625,1.332858,0.06729394484381271,20
matmul_80x96x32,80,96,32,1.2247857500000001,1.184286,1.377143,0.05357336524202363,20
matmul_80x96x48,80,96,48,1.2415715,1.188482,1.468571,0.07743365343889397,20
matmul_80x96x64,80,96,64,1.2464999,1.215714,1.41,0.06105979378824625,20
matmul_80x96x80,80,96,80,1.2362142999999999,1.188572,1.46,0.07792214282427244,20
matmul_80x96x96,80,96,96,1.1577054,1.100089,1.342857,0.056709158067978285,20
matmul_96x112x112,96,112,112,1.20470975,1.142857,1.344286,0.053817404710523875,20
matmul_96x112x128,96,112,128,1.1688347,1.144197,1.225625,0.018162776981913775,20
matmul_96x112x32,96,112,32,1.2542946,1.205714,1.44,0.06648446225080673,20
matmul_96x112x48,96,112,48,1.2710044,1.208572,1.43,0.07115086025991756,20
matmul_96x112x64,96,112,64,1.27312505,1.231428,1.445804,0.07182825062201097,20
matmul_96x112x80,96,112,80,1.27249545,1.237232,1.394286,0.03586121586936152,20
matmul_96x112x96,96,112,96,1.2649241500000001,1.222946,1.42009,0.07415741250118595,20
matmul_96x128x112,96,128,112,1.20599545,1.148482,1.442858,0.08059796105588397,20
matmul_96x128x128,96,128,128,1.223933,1.150089,1.387232,0.0701387880427461,20
matmul_96x128x32,96,128,32,1.24917395,1.207143,1.397143,0.04957669580344018,20
matmul_96x128x48,96,128,48,1.2494463,1.210089,1.44,0.06085871785156865,20
matmul_96x128x64,96,128,64,1.2593125,1.211518,1.494286,0.06683873056095542,20
matmul_96x128x80,96,128,80,1.28235715,1.24,1.445803,0.05535769405114815,20
matmul_96x128x96,96,128,96,1.22745085,1.157142,1.412947,0.045952751117774276,20
matmul_96x32x112,96,32,112,1.07307605,1.04,1.2,0.0366285880347362,20
matmul_96x32x128,96,32,128,1.0938303,1.045803,1.26,0.05863350893303249,20
matmul_96x32x32,96,32,32,1.16935725,1.114285,1.348482,0.06903331920920126,20
matmul_96x32x48,96,32,48,1.0534196999999998,0.995715,1.237143,0.0754467545366651,20
matmul_96x32x64,96,32,64,1.05643745,1.008572,1.241429,0.05508840837042618,20
matmul_96x32x80,96,32,80,1.06847785,1.027054,1.261339,0.05430053418877979,20
matmul_96x32x96,96,32,96,1.0845134,1.045625,1.24,0.052115964682417096,20
matmul_96x48x112,96,48,112,1.14171425,1.085804,1.29,0.08207908260739183,20
matmul_96x48x128,96,48,128,1.117799,1.067232,1.295715,0.06329560945195753,20
matmul_96x48x32,96,48,32,1.1774065,1.139911,1.341429,0.04278820801219348,20
matmul_96x48x48,96,48,48,1.18312935,1.164286,1.341429,0.05062146101914837,20
matmul_96x48x64,96,48,64,1.09920995,1.042857,1.28,0.07069110518786349,20
matmul_96x48x80,96,48,80,1.12004025,1.058571,1.305715,0.07339069291837674,20
matmul_96x48x96,96,48,96,1.11941945,1.068482,1.294285,0.06941190684334313,20
matmul_96x64x112,96,64,112,1.1498706,1.092857,1.340089,0.07487021000329062,20
matmul_96x64x128,96,64,128,1.1332188,1.087143,1.261429,0.05144939882989786,20
matmul_96x64x32,96,64,32,1.2129999,1.151428,1.395625,0.07084613243605727,20
matmul_96x64x48,96,64,48,1.2383749,1.182946,1.394375,0.08081240398530543,20
matmul_96x64x64,96,64,64,1.21398665,1.170089,1.414197,0.05674056860397708,20
matmul_96x64x80,96,64,80,1.12919635,1.078661,1.301428,0.06720527641900793,20
matmul_96x64x96,96,64,96,1.1154509,1.085803,1.22,0.025282513628156006,20
matmul_96x80x112,96,80,112,1.1425582,1.109911,1.245715,0.02942043282553987,20
matmul_96x80x128,96,80,128,1.1460579,1.127142,1.270089,0.0400879551774004,20
matmul_96x80x32,96,80,32,1.20873205,1.182857,1.301518,0.025984998549719935,20
matmul_96x80x48,96,80,48,1.2292278,1.191429,1.425803,0.05173342985424617,20
matmul_96x80x64,96,80,64,1.22787055,1.194196,1.42,0.04705242228282808,20
matmul_96x80x80,96,80,80,1.2765046,1.211428,1.465715,0.08094913590995537,20
matmul_96x80x96,96,80,96,1.17420975,1.131429,1.354375,0.07593230716817172,20
matmul_96x96x112,96,96,112,1.27655795,1.155714,1.43,0.08738017308681402,20
matmul_96x96x128,96,96,128,1.2731205,1.165625,1.478661,0.09738313257897763,20
matmul_96x96x32,96,96,32,1.2417902,1.204375,1.365625,0.04596797202355021,20
matmul_96x96x48,96,96,48,1.25371875,1.21,1.415714,0.05795678083835173,20
matmul_96x96x64,96,96,64,1.2435089,1.211339,1.38,0.03853672122438954,20
matmul_96x96x80,96,96,80,1.2690848,1.238661,1.338571,0.02306801949521413,20
matmul_96x96x96,96,96,96,1.2458704,1.164375,1.44,0.06414308440419908,20
