kernel_name,operation_name,dim_0,dim_1,avg_duration_us,min_duration_us,max_duration_us,stddev_duration_us,event_count,tuple_product
"sigmoid_(1024,1024)",sigmoid_,1024,1024.0,15.371723,15.255803,15.547054,0.121434,10,1048576
"sigmoid_(1024,896)",sigmoid_,1024,896.0,13.633714,13.568571,13.83,0.100332,10,917504
"tanh_(1024,1024)",tanh_,1024,1024.0,13.633428,13.471428,13.795803,0.121747,10,1048576
"sigmoid_(896,1024)",sigmoid_,896,1024.0,13.611464,13.471339,13.848661,0.147416,10,917504
"elu_(1024,1024)",elu_,1024,1024.0,12.700116,12.585715,12.877143,0.110884,10,1048576
"selu_(1024,1024)",selu_,1024,1024.0,12.61958,12.574285,12.874286,0.090188,10,1048576
"parametric_relu_(1024,1024)",parametric_relu_,1024,1024.0,12.272143,12.088572,12.415803,0.126205,10,1048576
"tanh_(896,1024)",tanh_,896,1024.0,12.120419,11.905714,12.278482,0.148549,10,917504
"sigmoid_(896,896)",sigmoid_,896,896.0,12.098402,11.967143,12.302858,0.132701,10,802816
"tanh_(1024,896)",tanh_,1024,896.0,12.040428,11.952857,12.268482,0.120491,10,917504
"leaky_relu_(1024,1024)",leaky_relu_,1024,1024.0,12.038009,11.852857,12.344197,0.159761,10,1048576
"sigmoid_(768,1024)",sigmoid_,768,1024.0,11.890571,11.740089,12.165625,0.142528,10,786432
"sigmoid_(1024,768)",sigmoid_,1024,768.0,11.834304,11.708571,12.087054,0.150749,10,786432
"relu_(1024,1024)",relu_,1024,1024.0,11.753134,11.608482,12.082768,0.185952,10,1048576
"selu_(1024,896)",selu_,1024,896.0,11.703866,11.591429,12.007143,0.150722,10,917504
"selu_(896,1024)",selu_,896,1024.0,11.679723,11.574286,11.915714,0.123339,10,917504
"linear_(1024,1024)",linear_,1024,1024.0,11.419839,11.367054,11.604197,0.087787,10,1048576
"elu_(1024,896)",elu_,1024,896.0,11.309723,11.195714,11.507143,0.117888,10,917504
"elu_(896,1024)",elu_,896,1024.0,11.250268,11.135625,11.597143,0.169983,10,917504
"parametric_relu_(896,1024)",parametric_relu_,896,1024.0,10.916143,10.705804,11.127053,0.165586,10,917504
"parametric_relu_(1024,896)",parametric_relu_,1024,896.0,10.893152,10.8,11.077142,0.098473,10,917504
"leaky_relu_(1024,896)",leaky_relu_,1024,896.0,10.704696,10.562946,10.974286,0.149762,10,917504
"tanh_(896,896)",tanh_,896,896.0,10.702723,10.577143,10.905804,0.103853,10,802816
"leaky_relu_(896,1024)",leaky_relu_,896,1024.0,10.596393,10.498482,10.835804,0.136104,10,917504
"linear_(896,896)",linear_,896,896.0,10.570723,10.4,10.747232,0.143733,10,802816
"sigmoid_(768,896)",sigmoid_,768,896.0,10.531286,10.401518,10.777143,0.14357,10,688128
"tanh_(1024,768)",tanh_,1024,768.0,10.493152,10.335803,10.631518,0.130914,10,786432
"tanh_(768,1024)",tanh_,768,1024.0,10.453,10.357053,10.647143,0.108238,10,786432
"relu_(1024,896)",relu_,1024,896.0,10.445134,10.345625,10.735714,0.13141,10,917504
"selu_(896,896)",selu_,896,896.0,10.420134,10.262768,10.63134,0.151985,10,802816
"sigmoid_(896,768)",sigmoid_,896,768.0,10.410161,10.365714,10.577232,0.077815,10,688128
"relu_(896,1024)",relu_,896,1024.0,10.378955,10.268482,10.647054,0.147966,10,917504
"linear_(1024,768)",linear_,1024,768.0,10.281732,10.162857,10.537143,0.124684,10,786432
"linear_(768,1024)",linear_,768,1024.0,10.270009,10.158482,10.500089,0.130455,10,786432
"selu_(1024,768)",selu_,1024,768.0,10.264741,10.075715,10.387143,0.129223,10,786432
"linear_(896,1024)",linear_,896,1024.0,10.216866,10.06,10.427143,0.148955,10,917504
"linear_(1024,896)",linear_,1024,896.0,10.186428,10.09,10.462857,0.128234,10,917504
"selu_(768,1024)",selu_,768,1024.0,10.174259,10.085625,10.458571,0.137974,10,786432
"sigmoid_(1024,640)",sigmoid_,1024,640.0,10.085697,9.994286,10.302858,0.114744,10,655360
"sigmoid_(640,1024)",sigmoid_,640,1024.0,10.004589,9.915714,10.261428,0.127542,10,655360
"elu_(896,896)",elu_,896,896.0,9.991134,9.912946,10.215625,0.124371,10,802816
"elu_(1024,768)",elu_,1024,768.0,9.784866,9.7,10.008661,0.106909,10,786432
"elu_(768,1024)",elu_,768,1024.0,9.769848,9.681518,9.957143,0.10637,10,786432
"parametric_relu_(896,896)",parametric_relu_,896,896.0,9.639143,9.552768,9.962768,0.141522,10,802816
"leaky_relu_(896,896)",leaky_relu_,896,896.0,9.453277,9.317232,9.63,0.122209,10,802816
"parametric_relu_(1024,768)",parametric_relu_,1024,768.0,9.441429,9.325714,9.711429,0.154336,10,786432
"parametric_relu_(768,1024)",parametric_relu_,768,1024.0,9.424,9.318571,9.670089,0.127459,10,786432
"tanh_(896,768)",tanh_,896,768.0,9.391259,9.165625,9.625714,0.13831,10,688128
"relu_(896,768)",relu_,896,768.0,9.373438,9.185625,9.56,0.123394,10,688128
"tanh_(768,896)",tanh_,768,896.0,9.354009,9.175625,9.562857,0.136944,10,688128
"leaky_relu_(1024,768)",leaky_relu_,1024,768.0,9.314527,9.157143,9.529911,0.138152,10,786432
"relu_(768,896)",relu_,768,896.0,9.30917,9.207143,9.548571,0.140142,10,688128
"relu_(896,896)",relu_,896,896.0,9.303294,9.167232,9.529911,0.147808,10,802816
"linear_(896,768)",linear_,896,768.0,9.223723,9.014286,9.445715,0.189873,10,688128
"linear_(768,896)",linear_,768,896.0,9.195732,9.062768,9.442857,0.145776,10,688128
"leaky_relu_(768,1024)",leaky_relu_,768,1024.0,9.166554,9.145715,9.267143,0.035785,10,786432
"sigmoid_(768,768)",sigmoid_,768,768.0,9.121143,9.018571,9.410089,0.114675,10,589824
"relu_(768,1024)",relu_,768,1024.0,9.097286,8.958482,9.34134,0.136411,10,786432
"selu_(768,896)",selu_,768,896.0,9.089437,8.960089,9.267143,0.140406,10,688128
"relu_(1024,768)",relu_,1024,768.0,9.088571,8.987142,9.277142,0.10783,10,786432
"relu_(1024,640)",relu_,1024,640.0,8.975589,8.822857,9.137143,0.133329,10,655360
"tanh_(1024,640)",tanh_,1024,640.0,8.950705,8.811339,9.174375,0.160123,10,655360
"selu_(896,768)",selu_,896,768.0,8.939125,8.924196,8.954285,0.010186,10,688128
"sigmoid_(896,640)",sigmoid_,896,640.0,8.933705,8.864285,9.228571,0.125791,10,573440
"binary_step_(896,896)",binary_step_,896,896.0,8.897446,8.775714,9.057232,0.101427,10,802816
"tanh_(640,1024)",tanh_,640,1024.0,8.887866,8.761429,9.08,0.143042,10,655360
"sigmoid_(640,896)",sigmoid_,640,896.0,8.883741,8.841428,9.111429,0.082437,10,573440
"relu_(640,1024)",relu_,640,1024.0,8.881714,8.767233,9.069911,0.125846,10,655360
"linear_(1024,640)",linear_,1024,640.0,8.809134,8.667143,9.0,0.131339,10,655360
"binary_step_(1024,768)",binary_step_,1024,768.0,8.766705,8.642857,8.929911,0.122499,10,786432
"linear_(640,1024)",linear_,640,1024.0,8.730438,8.627232,8.914286,0.109123,10,655360
"elu_(768,896)",elu_,768,896.0,8.716152,8.611429,9.041518,0.155726,10,688128
"binary_step_(768,1024)",binary_step_,768,1024.0,8.715982,8.582858,8.911428,0.124935,10,786432
"selu_(1024,640)",selu_,1024,640.0,8.703902,8.572947,8.885804,0.15295,10,655360
"elu_(896,768)",elu_,896,768.0,8.666,8.598482,8.961518,0.131866,10,688128
"selu_(640,1024)",selu_,640,1024.0,8.60642,8.555714,8.837143,0.084445,10,655360
"binary_step_(1024,1024)",binary_step_,1024,1024.0,8.43816,8.304375,8.651518,0.13775,10,1048576
"parametric_relu_(768,896)",parametric_relu_,768,896.0,8.41317,8.318571,8.687143,0.124914,10,688128
"elu_(640,1024)",elu_,640,1024.0,8.351295,8.245714,8.571518,0.132278,10,655360
"elu_(1024,640)",elu_,1024,640.0,8.346714,8.285714,8.581518,0.109248,10,655360
"parametric_relu_(896,768)",parametric_relu_,896,768.0,8.295295,8.214196,8.568661,0.112948,10,688128
"leaky_relu_(768,896)",leaky_relu_,768,896.0,8.273857,8.125714,8.662768,0.184993,10,688128
"sigmoid_(1024,512)",sigmoid_,1024,512.0,8.243295,8.124375,8.494375,0.149141,10,524288
"sigmoid_(512,1024)",sigmoid_,512,1024.0,8.235268,8.128572,8.484197,0.138443,10,524288
"leaky_relu_(896,768)",leaky_relu_,896,768.0,8.23,8.1,8.504286,0.164387,10,688128
"tanh_(768,768)",tanh_,768,768.0,8.168848,8.01,8.341428,0.130337,10,589824
"parametric_relu_(1024,640)",parametric_relu_,1024,640.0,8.061598,7.961517,8.288661,0.127308,10,655360
"relu_(768,768)",relu_,768,768.0,8.053295,7.968572,8.241428,0.108557,10,589824
"parametric_relu_(640,1024)",parametric_relu_,640,1024.0,8.036706,7.904286,8.265625,0.162274,10,655360
"linear_(768,768)",linear_,768,768.0,7.98642,7.849911,8.165715,0.130477,10,589824
"leaky_relu_(1024,640)",leaky_relu_,1024,640.0,7.950429,7.838572,8.147143,0.122879,10,655360
"tanh_(896,640)",tanh_,896,640.0,7.949732,7.831517,8.168571,0.128862,10,573440
"relu_(896,640)",relu_,896,640.0,7.940009,7.825714,8.157142,0.129325,10,573440
"relu_(640,896)",relu_,640,896.0,7.913402,7.805714,8.115715,0.132003,10,573440
"tanh_(640,896)",tanh_,640,896.0,7.910964,7.804286,8.139911,0.13007,10,573440
"linear_(896,640)",linear_,896,640.0,7.833857,7.695714,8.071339,0.160122,10,573440
"sigmoid_(768,640)",sigmoid_,768,640.0,7.827411,7.74866,8.059911,0.112346,10,491520
"binary_step_(896,768)",binary_step_,896,768.0,7.822723,7.651428,8.028571,0.106308,10,688128
"selu_(768,768)",selu_,768,768.0,7.803723,7.797143,7.81,0.003648,10,589824
"leaky_relu_(640,1024)",leaky_relu_,640,1024.0,7.796572,7.759911,7.877143,0.045449,10,655360
"binary_step_(768,896)",binary_step_,768,896.0,7.764464,7.667232,7.978571,0.098673,10,688128
"linear_(640,896)",linear_,640,896.0,7.742304,7.688571,7.97,0.090816,10,573440
"selu_(896,640)",selu_,896,640.0,7.720982,7.622857,7.898571,0.101149,10,573440
"sigmoid_(640,768)",sigmoid_,640,768.0,7.690286,7.655625,7.745625,0.025637,10,491520
"selu_(640,896)",selu_,640,896.0,7.68842,7.657232,7.852858,0.058375,10,573440
"elu_(768,768)",elu_,768,768.0,7.659152,7.515804,7.872946,0.146825,10,589824
"binary_step_(1024,896)",binary_step_,1024,896.0,7.504116,7.398482,7.777142,0.117405,10,917504
"elu_(896,640)",elu_,896,640.0,7.499295,7.400089,7.798572,0.134976,10,573440
"binary_step_(896,1024)",binary_step_,896,1024.0,7.498723,7.411518,7.80991,0.1317,10,917504
"elu_(640,896)",elu_,640,896.0,7.427286,7.351429,7.64,0.101522,10,573440
"binary_step_(1024,640)",binary_step_,1024,640.0,7.419304,7.320089,7.589911,0.098078,10,655360
"sigmoid_(512,896)",sigmoid_,512,896.0,7.397438,7.285715,7.627143,0.138535,10,458752
"binary_step_(640,1024)",binary_step_,640,1024.0,7.374464,7.311518,7.635714,0.097577,10,655360
"parametric_relu_(768,768)",parametric_relu_,768,768.0,7.367572,7.238571,7.557232,0.133123,10,589824
"tanh_(512,1024)",tanh_,512,1024.0,7.316116,7.198572,7.515715,0.140268,10,524288
"tanh_(1024,512)",tanh_,1024,512.0,7.315313,7.205715,7.531518,0.141678,10,524288
"relu_(1024,512)",relu_,1024,512.0,7.285428,7.205715,7.520089,0.103998,10,524288
"sigmoid_(896,512)",sigmoid_,896,512.0,7.284563,7.211429,7.504197,0.106842,10,458752
"relu_(512,1024)",relu_,512,1024.0,7.27217,7.201518,7.547232,0.131405,10,524288
"linear_(512,1024)",linear_,512,1024.0,7.251295,7.084286,7.468572,0.14059,10,524288
"leaky_relu_(768,768)",leaky_relu_,768,768.0,7.245562,7.085714,7.438572,0.141797,10,589824
"parametric_relu_(896,640)",parametric_relu_,896,640.0,7.241705,7.134375,7.488571,0.13896,10,573440
"parametric_relu_(640,896)",parametric_relu_,640,896.0,7.207732,7.131428,7.408571,0.113583,10,573440
"linear_(1024,512)",linear_,1024,512.0,7.173848,7.09,7.39,0.129948,10,524288
"selu_(512,1024)",selu_,512,1024.0,7.142848,7.041428,7.39,0.127604,10,524288
"sigmoid_(768,512)",sigmoid_,768,512.0,7.138152,7.01,7.342947,0.134333,10,393216
"sigmoid_(1024,384)",sigmoid_,1024,384.0,7.11258,7.075625,7.292857,0.065758,10,393216
"sigmoid_(384,1024)",sigmoid_,384,1024.0,7.096893,7.025804,7.322857,0.116553,10,393216
"leaky_relu_(896,640)",leaky_relu_,896,640.0,7.073982,7.025715,7.191428,0.051393,10,573440
"selu_(1024,512)",selu_,1024,512.0,7.063714,7.025714,7.311517,0.08735,10,524288
"sigmoid_(512,768)",sigmoid_,512,768.0,7.059169,7.01,7.211517,0.077973,10,393216
"leaky_relu_(640,896)",leaky_relu_,640,896.0,7.02742,6.972857,7.175714,0.075565,10,573440
"tanh_(640,768)",tanh_,640,768.0,7.014169,6.825714,7.18,0.135196,10,491520
"relu_(640,768)",relu_,640,768.0,6.936125,6.817143,7.118571,0.117947,10,491520
"tanh_(768,640)",tanh_,768,640.0,6.916116,6.817054,7.251428,0.145451,10,491520
"relu_(768,640)",relu_,768,640.0,6.87775,6.834375,7.087143,0.084945,10,491520
"elu_(1024,512)",elu_,1024,512.0,6.874419,6.795714,7.107053,0.117921,10,524288
"elu_(512,1024)",elu_,512,1024.0,6.868598,6.784286,7.215803,0.154972,10,524288
"linear_(768,640)",linear_,768,640.0,6.816437,6.73,7.104375,0.137084,10,491520
"linear_(640,768)",linear_,640,768.0,6.810143,6.692857,7.00991,0.138622,10,491520
"binary_step_(768,768)",binary_step_,768,768.0,6.788313,6.672947,7.058572,0.137517,10,589824
"selu_(640,768)",selu_,640,768.0,6.769741,6.637232,6.965714,0.132251,10,491520
"sigmoid_(640,640)",sigmoid_,640,640.0,6.711437,6.605714,6.897232,0.121471,10,409600
"leaky_relu_(512,896)",leaky_relu_,512,896.0,6.705304,6.551518,6.857143,0.134147,10,458752
"selu_(768,640)",selu_,768,640.0,6.705241,6.668571,6.879911,0.063837,10,491520
"binary_step_(640,896)",binary_step_,640,896.0,6.679268,6.511339,6.828572,0.107452,10,573440
"leaky_relu_(896,512)",leaky_relu_,896,512.0,6.641134,6.525803,6.987053,0.156377,10,458752
"binary_step_(896,640)",binary_step_,896,640.0,6.625447,6.520089,6.852768,0.142083,10,573440
"parametric_relu_(512,1024)",parametric_relu_,512,1024.0,6.613572,6.535625,6.76,0.097382,10,524288
"parametric_relu_(1024,512)",parametric_relu_,1024,512.0,6.607143,6.507143,6.82,0.125488,10,524288
"elu_(768,640)",elu_,768,640.0,6.586866,6.46,6.780089,0.137446,10,491520
"leaky_relu_(512,1024)",leaky_relu_,512,1024.0,6.558848,6.457232,6.781339,0.135167,10,524288
"elu_(640,768)",elu_,640,768.0,6.541973,6.425625,6.735625,0.126039,10,491520
"relu_(512,896)",relu_,512,896.0,6.537009,6.444196,6.734375,0.093653,10,458752
"relu_(896,512)",relu_,896,512.0,6.514303,6.411428,6.665715,0.124044,10,458752
"tanh_(512,896)",tanh_,512,896.0,6.506009,6.452857,6.681518,0.083104,10,458752
"tanh_(896,512)",tanh_,896,512.0,6.49117,6.422857,6.822857,0.131028,10,458752
"leaky_relu_(1024,512)",leaky_relu_,1024,512.0,6.483429,6.414375,6.735715,0.099703,10,524288
"sigmoid_(896,384)",sigmoid_,896,384.0,6.408848,6.32134,6.61,0.117974,10,344064
"linear_(512,896)",linear_,512,896.0,6.378134,6.325803,6.598571,0.09854,10,458752
"sigmoid_(384,896)",sigmoid_,384,896.0,6.364857,6.262857,6.558571,0.127914,10,344064
"selu_(896,512)",selu_,896,512.0,6.357152,6.262857,6.562768,0.136659,10,458752
"linear_(896,512)",linear_,896,512.0,6.355009,6.315715,6.494375,0.07052,10,458752
"selu_(512,896)",selu_,512,896.0,6.35458,6.302857,6.547232,0.100061,10,458752
"parametric_relu_(768,640)",parametric_relu_,768,640.0,6.302062,6.242947,6.555625,0.101043,10,491520
"parametric_relu_(640,768)",parametric_relu_,640,768.0,6.261107,6.178572,6.451339,0.115837,10,491520
"leaky_relu_(768,640)",leaky_relu_,768,640.0,6.226589,6.111428,6.394196,0.113276,10,491520
"elu_(512,896)",elu_,512,896.0,6.171312,6.064286,6.41,0.131783,10,458752
"sigmoid_(512,640)",sigmoid_,512,640.0,6.157589,6.015803,6.357143,0.133182,10,327680
"binary_step_(1024,512)",binary_step_,1024,512.0,6.122714,6.037143,6.257143,0.091914,10,524288
"binary_step_(512,1024)",binary_step_,512,1024.0,6.112429,6.024286,6.302946,0.117794,10,524288
"leaky_relu_(640,768)",leaky_relu_,640,768.0,6.107705,6.064375,6.295714,0.075181,10,491520
"elu_(896,512)",elu_,896,512.0,6.100116,6.048572,6.291339,0.094337,10,458752
"leaky_relu_(640,640)",leaky_relu_,640,640.0,6.090857,5.954375,6.254375,0.116724,10,409600
"sigmoid_(640,512)",sigmoid_,640,512.0,6.061732,5.97866,6.268571,0.119578,10,327680
"relu_(640,640)",relu_,640,640.0,5.984134,5.858571,6.174285,0.130532,10,409600
"parametric_relu_(896,512)",parametric_relu_,896,512.0,5.959714,5.828482,6.144286,0.146319,10,458752
"tanh_(640,640)",tanh_,640,640.0,5.95517,5.875714,6.185714,0.121416,10,409600
"parametric_relu_(512,896)",parametric_relu_,512,896.0,5.918562,5.86,6.142768,0.10233,10,458752
"leaky_relu_(1024,384)",leaky_relu_,1024,384.0,5.896277,5.765714,6.064196,0.115762,10,393216
"linear_(640,640)",linear_,640,640.0,5.887866,5.752858,6.057143,0.136661,10,409600
"leaky_relu_(384,1024)",leaky_relu_,384,1024.0,5.864589,5.737232,5.961429,0.090378,10,393216
"binary_step_(640,768)",binary_step_,640,768.0,5.846679,5.7,6.07991,0.162486,10,491520
"leaky_relu_(512,768)",leaky_relu_,512,768.0,5.803018,5.720089,6.024375,0.113134,10,393216
"relu_(512,768)",relu_,512,768.0,5.789857,5.637143,6.018482,0.141675,10,393216
"relu_(1024,384)",relu_,1024,384.0,5.786402,5.685714,6.009911,0.117402,10,393216
"tanh_(1024,384)",tanh_,1024,384.0,5.775714,5.664375,6.00134,0.115882,10,393216
"tanh_(768,512)",tanh_,768,512.0,5.770562,5.625625,5.957143,0.137561,10,393216
"binary_step_(768,640)",binary_step_,768,640.0,5.767295,5.722946,5.921339,0.072854,10,491520
"leaky_relu_(768,512)",leaky_relu_,768,512.0,5.758554,5.712857,5.921339,0.068208,10,393216
"tanh_(512,768)",tanh_,512,768.0,5.757581,5.617143,5.988661,0.145781,10,393216
"selu_(640,640)",selu_,640,640.0,5.753393,5.704375,5.944197,0.081223,10,409600
"relu_(768,512)",relu_,768,512.0,5.717304,5.618661,5.850089,0.095047,10,393216
"tanh_(384,1024)",tanh_,384,1024.0,5.704705,5.628572,5.864196,0.097479,10,393216
"relu_(384,1024)",relu_,384,1024.0,5.687562,5.622857,5.915714,0.117459,10,393216
"elu_(640,640)",elu_,640,640.0,5.681714,5.537143,5.902946,0.145548,10,409600
"linear_(768,512)",linear_,768,512.0,5.663286,5.532767,5.895714,0.162393,10,393216
"linear_(1024,384)",linear_,1024,384.0,5.646143,5.568571,5.825714,0.103949,10,393216
"linear_(512,768)",linear_,512,768.0,5.638143,5.522857,5.857232,0.137861,10,393216
"sigmoid_(768,384)",sigmoid_,768,384.0,5.610428,5.538571,5.80991,0.108981,10,294912
"selu_(1024,384)",selu_,1024,384.0,5.601589,5.542857,5.83009,0.10011,10,393216
"selu_(384,1024)",selu_,384,1024.0,5.599714,5.470089,5.794375,0.140115,10,393216
"linear_(384,1024)",linear_,384,1024.0,5.593,5.537142,5.875625,0.104529,10,393216
"selu_(768,512)",selu_,768,512.0,5.57458,5.518572,5.765804,0.082212,10,393216
"sigmoid_(384,768)",sigmoid_,384,768.0,5.57458,5.484286,5.798571,0.126375,10,294912
"selu_(512,768)",selu_,512,768.0,5.571732,5.534286,5.807232,0.084038,10,393216
"elu_(1024,384)",elu_,1024,384.0,5.568438,5.402857,5.705715,0.122941,10,393216
"binary_step_(512,896)",binary_step_,512,896.0,5.483018,5.39009,5.791429,0.132086,10,458752
"elu_(768,512)",elu_,768,512.0,5.472277,5.342857,5.652947,0.10217,10,393216
"binary_step_(896,512)",binary_step_,896,512.0,5.440554,5.405625,5.535625,0.04263,10,458752
"elu_(384,1024)",elu_,384,1024.0,5.430152,5.327232,5.62134,0.117874,10,393216
"parametric_relu_(896,384)",parametric_relu_,896,384.0,5.41558,5.274375,5.53,0.099646,10,344064
"parametric_relu_(640,640)",parametric_relu_,640,640.0,5.41258,5.354375,5.622857,0.106389,10,409600
"elu_(512,768)",elu_,512,768.0,5.412304,5.34134,5.575714,0.097633,10,393216
"parametric_relu_(1024,384)",parametric_relu_,1024,384.0,5.315312,5.205714,5.508571,0.109769,10,393216
"leaky_relu_(896,384)",leaky_relu_,896,384.0,5.308866,5.171428,5.534286,0.14821,10,344064
"parametric_relu_(384,896)",parametric_relu_,384,896.0,5.266732,5.224375,5.417143,0.070543,10,344064
"parametric_relu_(384,1024)",parametric_relu_,384,1024.0,5.265687,5.168571,5.484197,0.132659,10,393216
"parametric_relu_(768,512)",parametric_relu_,768,512.0,5.217437,5.154285,5.514286,0.129517,10,393216
"parametric_relu_(512,768)",parametric_relu_,512,768.0,5.213125,5.137143,5.425803,0.099391,10,393216
"relu_(896,384)",relu_,896,384.0,5.18242,5.082768,5.374286,0.118431,10,344064
"leaky_relu_(384,896)",leaky_relu_,384,896.0,5.178991,5.128482,5.415714,0.084487,10,344064
"tanh_(384,896)",tanh_,384,896.0,5.156563,5.034197,5.375804,0.135417,10,344064
"linear_(896,384)",linear_,896,384.0,5.136116,5.001429,5.362857,0.167378,10,344064
"tanh_(896,384)",tanh_,896,384.0,5.125428,5.072857,5.315714,0.092783,10,344064
"parametric_relu_(512,640)",parametric_relu_,512,640.0,5.106286,5.02,5.29991,0.124273,10,327680
"leaky_relu_(512,640)",leaky_relu_,512,640.0,5.105982,4.961518,5.31,0.128057,10,327680
"relu_(384,896)",relu_,384,896.0,5.089866,5.045714,5.311517,0.085089,10,344064
"sigmoid_(512,512)",sigmoid_,512,512.0,5.089277,4.982857,5.23,0.110554,10,262144
"selu_(896,384)",selu_,896,384.0,5.086411,5.005804,5.228572,0.10125,10,344064
"sigmoid_(256,1024)",sigmoid_,256,1024.0,5.083438,4.977233,5.26,0.129244,10,262144
"selu_(384,896)",selu_,384,896.0,5.074589,4.927143,5.218571,0.122328,10,344064
"linear_(384,896)",linear_,384,896.0,5.069286,4.961518,5.31,0.129292,10,344064
"sigmoid_(1024,256)",sigmoid_,1024,256.0,5.029973,4.970089,5.221339,0.093222,10,262144
"parametric_relu_(640,512)",parametric_relu_,640,512.0,5.024973,4.982857,5.162857,0.067925,10,327680
"binary_step_(640,640)",binary_step_,640,640.0,5.022241,4.901339,5.384197,0.160252,10,409600
"leaky_relu_(640,512)",leaky_relu_,640,512.0,4.995322,4.925804,5.215804,0.106863,10,327680
"linear_(640,512)",linear_,640,512.0,4.934161,4.76,5.140089,0.157734,10,327680
"tanh_(512,640)",tanh_,512,640.0,4.913893,4.868482,5.058661,0.070795,10,327680
"relu_(640,512)",relu_,640,512.0,4.907696,4.84,5.138572,0.110448,10,327680
"relu_(512,640)",relu_,512,640.0,4.898571,4.862857,5.135625,0.083845,10,327680
"binary_step_(384,1024)",binary_step_,384,1024.0,4.894848,4.761429,5.089911,0.142241,10,393216
"tanh_(640,512)",tanh_,640,512.0,4.889857,4.844286,5.118572,0.083373,10,327680
"linear_(512,640)",linear_,512,640.0,4.887554,4.792768,5.145715,0.133415,10,327680
"selu_(512,640)",selu_,512,640.0,4.882009,4.780089,5.081339,0.127557,10,327680
"elu_(384,896)",elu_,384,896.0,4.875286,4.797143,5.077142,0.113784,10,344064
"binary_step_(1024,384)",binary_step_,1024,384.0,4.873572,4.761429,5.087143,0.134606,10,393216
"selu_(640,512)",selu_,640,512.0,4.865884,4.782857,5.068572,0.109328,10,327680
"binary_step_(768,512)",binary_step_,768,512.0,4.865741,4.772857,5.012857,0.101807,10,393216
"sigmoid_(640,384)",sigmoid_,640,384.0,4.845589,4.792857,5.075804,0.0979,10,245760
"elu_(896,384)",elu_,896,384.0,4.822,4.777232,5.052768,0.082135,10,344064
"elu_(768,384)",elu_,768,384.0,4.821554,4.754285,5.062947,0.109349,10,294912
"sigmoid_(384,640)",sigmoid_,384,640.0,4.821419,4.731517,5.04,0.123956,10,245760
"elu_(384,768)",elu_,384,768.0,4.812893,4.725803,5.002857,0.122612,10,294912
"binary_step_(512,768)",binary_step_,512,768.0,4.802152,4.768571,4.908571,0.044167,10,393216
"parametric_relu_(768,384)",parametric_relu_,768,384.0,4.719402,4.637054,4.945625,0.120609,10,294912
"elu_(512,640)",elu_,512,640.0,4.693982,4.63,4.895625,0.092427,10,327680
"elu_(640,512)",elu_,640,512.0,4.682536,4.605625,4.812768,0.078686,10,327680
"leaky_relu_(384,768)",leaky_relu_,384,768.0,4.670562,4.531428,4.837143,0.125587,10,294912
"parametric_relu_(384,768)",parametric_relu_,384,768.0,4.663705,4.572857,4.865625,0.114023,10,294912
"leaky_relu_(768,384)",leaky_relu_,768,384.0,4.652009,4.551428,4.877143,0.10646,10,294912
"relu_(768,384)",relu_,768,384.0,4.584,4.484196,4.892768,0.142511,10,294912
"sigmoid_(256,896)",sigmoid_,256,896.0,4.551411,4.478571,4.721518,0.101973,10,229376
"tanh_(768,384)",tanh_,768,384.0,4.544143,4.502857,4.702857,0.07139,10,294912
"selu_(512,512)",selu_,512,512.0,4.532848,4.437053,4.715625,0.117565,10,262144
"relu_(384,768)",relu_,384,768.0,4.524714,4.445625,4.884286,0.150058,10,294912
"selu_(1024,256)",selu_,1024,256.0,4.511428,4.432946,4.70009,0.116253,10,262144
"tanh_(384,768)",tanh_,384,768.0,4.510286,4.451428,4.734286,0.111554,10,294912
"sigmoid_(896,256)",sigmoid_,896,256.0,4.489697,4.46009,4.717053,0.079955,10,229376
"linear_(768,384)",linear_,768,384.0,4.488134,4.4,4.697054,0.107878,10,294912
"selu_(256,1024)",selu_,256,1024.0,4.479134,4.427232,4.641428,0.069556,10,262144
"selu_(768,384)",selu_,768,384.0,4.478723,4.408661,4.648572,0.102694,10,294912
"linear_(384,768)",linear_,384,768.0,4.411161,4.37,4.587142,0.072661,10,294912
"elu_(1024,256)",elu_,1024,256.0,4.397866,4.314286,4.584286,0.112473,10,262144
"elu_(512,512)",elu_,512,512.0,4.386696,4.297143,4.528661,0.104292,10,262144
"selu_(384,768)",selu_,384,768.0,4.381018,4.35,4.572946,0.067608,10,294912
"elu_(256,1024)",elu_,256,1024.0,4.378402,4.307143,4.558571,0.105707,10,262144
"binary_step_(384,896)",binary_step_,384,896.0,4.309714,4.264285,4.478482,0.077144,10,344064
"selu_(384,640)",selu_,384,640.0,4.30858,4.237053,4.45,0.082747,10,245760
"binary_step_(896,384)",binary_step_,896,384.0,4.301331,4.268571,4.451518,0.05428,10,344064
"leaky_relu_(256,1024)",leaky_relu_,256,1024.0,4.27358,4.165803,4.390089,0.09551,10,262144
"parametric_relu_(1024,256)",parametric_relu_,1024,256.0,4.256991,4.172768,4.454286,0.121647,10,262144
"selu_(640,384)",selu_,640,384.0,4.252438,4.211428,4.498572,0.086756,10,245760
"parametric_relu_(256,1024)",parametric_relu_,256,1024.0,4.241991,4.171517,4.532858,0.115342,10,262144
"parametric_relu_(512,512)",parametric_relu_,512,512.0,4.23658,4.175714,4.408661,0.084097,10,262144
"leaky_relu_(1024,256)",leaky_relu_,1024,256.0,4.214562,4.114196,4.348571,0.103402,10,262144
"leaky_relu_(512,512)",leaky_relu_,512,512.0,4.209759,4.118571,4.47,0.127665,10,262144
"binary_step_(512,640)",binary_step_,512,640.0,4.188152,4.121518,4.370089,0.097286,10,327680
"binary_step_(640,512)",binary_step_,640,512.0,4.167866,4.118571,4.357053,0.090799,10,327680
"relu_(1024,256)",relu_,1024,256.0,4.143893,4.06,4.325803,0.101314,10,262144
"elu_(640,384)",elu_,640,384.0,4.142428,4.102857,4.315803,0.074222,10,245760
"linear_(256,1024)",linear_,256,1024.0,4.132312,3.99,4.305714,0.142175,10,262144
"relu_(512,512)",relu_,512,512.0,4.123732,4.045714,4.318572,0.11741,10,262144
"elu_(384,640)",elu_,384,640.0,4.121,4.104375,4.128572,0.006367,10,245760
"parametric_relu_(640,384)",parametric_relu_,640,384.0,4.116259,4.017143,4.304196,0.113566,10,245760
"tanh_(256,1024)",tanh_,256,1024.0,4.108848,4.058661,4.282857,0.078581,10,262144
"linear_(512,512)",linear_,512,512.0,4.101,4.0,4.247143,0.115419,10,262144
"tanh_(1024,256)",tanh_,1024,256.0,4.099991,4.057143,4.284375,0.072283,10,262144
"tanh_(512,512)",tanh_,512,512.0,4.09617,4.041429,4.308571,0.092066,10,262144
"selu_(256,896)",selu_,256,896.0,4.072714,3.990089,4.222768,0.09365,10,229376
"relu_(256,1024)",relu_,256,1024.0,4.067411,4.054286,4.117143,0.018383,10,262144
"parametric_relu_(384,640)",parametric_relu_,384,640.0,4.049696,4.007142,4.228571,0.070554,10,245760
"linear_(1024,256)",linear_,1024,256.0,4.046723,4.005714,4.269911,0.080751,10,262144
"sigmoid_(512,384)",sigmoid_,512,384.0,4.046169,3.992857,4.208571,0.072869,10,196608
"sigmoid_(256,768)",sigmoid_,256,768.0,4.031143,3.955714,4.228571,0.11171,10,196608
"selu_(896,256)",selu_,896,256.0,4.025973,3.967054,4.207143,0.094386,10,229376
"sigmoid_(384,512)",sigmoid_,384,512.0,4.011714,3.954375,4.234197,0.10789,10,196608
"leaky_relu_(384,640)",leaky_relu_,384,640.0,4.000705,3.931429,4.185715,0.104027,10,245760
"leaky_relu_(640,384)",leaky_relu_,640,384.0,3.995741,3.945715,4.180089,0.096787,10,245760
"sigmoid_(768,256)",sigmoid_,768,256.0,3.993545,3.937143,4.165625,0.087048,10,196608
"tanh_(384,640)",tanh_,384,640.0,3.970161,3.861518,4.145714,0.134887,10,245760
"elu_(256,896)",elu_,256,896.0,3.956268,3.874197,4.112768,0.100559,10,229376
"elu_(896,256)",elu_,896,256.0,3.945839,3.887142,4.177053,0.105212,10,229376
"relu_(640,384)",relu_,640,384.0,3.933848,3.88,4.178572,0.105307,10,245760
"relu_(384,640)",relu_,384,640.0,3.932277,3.87,4.142768,0.100362,10,245760
"linear_(384,640)",linear_,384,640.0,3.927134,3.814197,4.059911,0.106225,10,245760
"binary_step_(768,384)",binary_step_,768,384.0,3.924018,3.784286,4.14009,0.138423,10,294912
"tanh_(640,384)",tanh_,640,384.0,3.922009,3.865714,4.147232,0.086438,10,245760
"linear_(640,384)",linear_,640,384.0,3.899,3.832857,4.097142,0.105806,10,245760
"parametric_relu_(256,896)",parametric_relu_,256,896.0,3.876848,3.772946,4.05991,0.12234,10,229376
"binary_step_(384,768)",binary_step_,384,768.0,3.87575,3.790089,4.004375,0.094548,10,294912
"parametric_relu_(896,256)",parametric_relu_,896,256.0,3.835152,3.740089,4.002857,0.101908,10,229376
"leaky_relu_(256,896)",leaky_relu_,256,896.0,3.761009,3.721428,3.970089,0.074189,10,229376
"leaky_relu_(896,256)",leaky_relu_,896,256.0,3.749438,3.684286,3.925715,0.086857,10,229376
"linear_(896,256)",linear_,896,256.0,3.744134,3.60134,3.942857,0.138632,10,229376
"tanh_(896,256)",tanh_,896,256.0,3.723705,3.651428,3.901429,0.106217,10,229376
"tanh_(256,896)",tanh_,256,896.0,3.718821,3.667142,3.91,0.094892,10,229376
"relu_(256,896)",relu_,256,896.0,3.705857,3.674285,3.882857,0.062637,10,229376
"linear_(256,896)",linear_,256,896.0,3.675027,3.608661,3.854286,0.090826,10,229376
"relu_(896,256)",relu_,896,256.0,3.650036,3.635804,3.667142,0.008309,10,229376
"selu_(768,256)",selu_,768,256.0,3.636304,3.537143,3.808571,0.115418,10,196608
"selu_(384,512)",selu_,384,512.0,3.604491,3.531517,3.767232,0.105448,10,196608
"selu_(512,384)",selu_,512,384.0,3.595018,3.552946,3.798572,0.073174,10,196608
"binary_step_(512,512)",binary_step_,512,512.0,3.589438,3.485804,3.73991,0.110519,10,262144
"selu_(256,768)",selu_,256,768.0,3.570831,3.548482,3.714196,0.051137,10,196608
"elu_(256,768)",elu_,256,768.0,3.550554,3.434286,3.690089,0.109929,10,196608
"binary_step_(1024,256)",binary_step_,1024,256.0,3.544839,3.488572,3.767054,0.092316,10,262144
"binary_step_(256,1024)",binary_step_,256,1024.0,3.540875,3.485714,3.755804,0.090677,10,262144
"sigmoid_(256,640)",sigmoid_,256,640.0,3.50758,3.457054,3.661428,0.074321,10,163840
"elu_(512,384)",elu_,512,384.0,3.497875,3.468572,3.717053,0.077071,10,196608
"binary_step_(384,640)",binary_step_,384,640.0,3.474991,3.311429,3.737232,0.151269,10,245760
"elu_(768,256)",elu_,768,256.0,3.473259,3.442768,3.682768,0.075385,10,196608
"sigmoid_(640,256)",sigmoid_,640,256.0,3.465312,3.451428,3.544286,0.027928,10,163840
"parametric_relu_(512,384)",parametric_relu_,512,384.0,3.45058,3.394375,3.617143,0.086794,10,196608
"elu_(384,512)",elu_,384,512.0,3.450161,3.43009,3.488572,0.017601,10,196608
"parametric_relu_(768,256)",parametric_relu_,768,256.0,3.416178,3.34,3.585803,0.097542,10,196608
"binary_step_(640,384)",binary_step_,640,384.0,3.404875,3.304197,3.562946,0.115526,10,245760
"leaky_relu_(384,512)",leaky_relu_,384,512.0,3.400018,3.297143,3.541518,0.110011,10,196608
"parametric_relu_(256,768)",parametric_relu_,256,768.0,3.396563,3.351428,3.624286,0.085134,10,196608
"relu_(256,768)",relu_,256,768.0,3.391268,3.267232,3.578572,0.128947,10,196608
"linear_(512,384)",linear_,512,384.0,3.375116,3.240089,3.511339,0.109681,10,196608
"leaky_relu_(512,384)",leaky_relu_,512,384.0,3.374125,3.337142,3.518482,0.069706,10,196608
"tanh_(384,512)",tanh_,384,512.0,3.37258,3.272768,3.487233,0.094648,10,196608
"tanh_(512,384)",tanh_,512,384.0,3.358866,3.284196,3.457054,0.079087,10,196608
"leaky_relu_(256,768)",leaky_relu_,256,768.0,3.353419,3.311339,3.504286,0.067239,10,196608
"relu_(512,384)",relu_,512,384.0,3.351152,3.288571,3.615715,0.108354,10,196608
"parametric_relu_(384,512)",parametric_relu_,384,512.0,3.345411,3.34,3.355625,0.006041,10,196608
"relu_(768,256)",relu_,768,256.0,3.344286,3.27,3.472768,0.089168,10,196608
"leaky_relu_(768,256)",leaky_relu_,768,256.0,3.334982,3.287054,3.531429,0.089583,10,196608
"tanh_(768,256)",tanh_,768,256.0,3.325705,3.248571,3.552768,0.111818,10,196608
"linear_(256,768)",linear_,256,768.0,3.32441,3.202857,3.517143,0.126981,10,196608
"tanh_(256,768)",tanh_,256,768.0,3.323295,3.241429,3.507053,0.095084,10,196608
"relu_(384,512)",relu_,384,512.0,3.298161,3.261517,3.457143,0.073207,10,196608
"linear_(384,512)",linear_,384,512.0,3.288134,3.234286,3.471428,0.089218,10,196608
"linear_(768,256)",linear_,768,256.0,3.271411,3.23,3.434197,0.075983,10,196608
"sigmoid_(384,384)",sigmoid_,384,384.0,3.25317,3.211518,3.414286,0.080623,10,147456
"binary_step_(256,896)",binary_step_,256,896.0,3.20842,3.141429,3.414286,0.09332,10,229376
"binary_step_(896,256)",binary_step_,896,256.0,3.208277,3.148571,3.4,0.096083,10,229376
"selu_(256,640)",selu_,256,640.0,3.186732,3.128572,3.357142,0.090856,10,163840
"selu_(640,256)",selu_,640,256.0,3.150893,3.107143,3.341429,0.087407,10,163840
"elu_(256,640)",elu_,256,640.0,3.089,3.048661,3.228482,0.06366,10,163840
"elu_(640,256)",elu_,640,256.0,3.07125,3.0,3.274286,0.103348,10,163840
"leaky_relu_(256,640)",leaky_relu_,256,640.0,3.070437,2.917054,3.158661,0.106448,10,163840
"parametric_relu_(256,640)",parametric_relu_,256,640.0,3.063545,2.978482,3.225714,0.108568,10,163840
"sigmoid_(1024,128)",sigmoid_,1024,128.0,3.023438,3.002857,3.162857,0.049091,10,131072
"sigmoid_(512,256)",sigmoid_,512,256.0,3.003428,2.932857,3.127053,0.082916,10,131072
"parametric_relu_(640,256)",parametric_relu_,640,256.0,2.997589,2.941428,3.225804,0.097112,10,163840
"relu_(256,640)",relu_,256,640.0,2.975723,2.897143,3.131428,0.098989,10,163840
"leaky_relu_(640,256)",leaky_relu_,640,256.0,2.958732,2.911518,3.12866,0.079022,10,163840
"sigmoid_(256,512)",sigmoid_,256,512.0,2.949723,2.924286,3.128571,0.063361,10,131072
"tanh_(256,640)",tanh_,256,640.0,2.946714,2.862857,3.102946,0.105693,10,163840
"sigmoid_(128,1024)",sigmoid_,128,1024.0,2.943857,2.902857,3.104285,0.075,10,131072
"selu_(384,384)",selu_,384,384.0,2.933446,2.895715,3.044285,0.058227,10,147456
"binary_step_(768,256)",binary_step_,768,256.0,2.908446,2.827143,3.088482,0.118022,10,196608
"relu_(640,256)",relu_,640,256.0,2.907715,2.874286,3.037233,0.063425,10,163840
"elu_(384,384)",elu_,384,384.0,2.899009,2.824286,3.034375,0.084912,10,147456
"binary_step_(384,512)",binary_step_,384,512.0,2.89058,2.841428,3.054286,0.076573,10,196608
"linear_(256,640)",linear_,256,640.0,2.883438,2.847143,3.005714,0.064569,10,163840
"binary_step_(512,384)",binary_step_,512,384.0,2.883009,2.822857,3.084375,0.090961,10,196608
"tanh_(640,256)",tanh_,640,256.0,2.871428,2.865714,2.88,0.003988,10,163840
"linear_(640,256)",linear_,640,256.0,2.868732,2.835625,2.975625,0.039341,10,163840
"binary_step_(256,768)",binary_step_,256,768.0,2.856723,2.815715,3.037143,0.076857,10,196608
"sigmoid_(896,128)",sigmoid_,896,128.0,2.829562,2.731339,2.971428,0.108966,10,114688
"sigmoid_(128,896)",sigmoid_,128,896.0,2.767688,2.69,2.904375,0.094075,10,114688
"leaky_relu_(384,384)",leaky_relu_,384,384.0,2.757018,2.728661,2.965804,0.073444,10,147456
"parametric_relu_(384,384)",parametric_relu_,384,384.0,2.753152,2.749911,2.758482,0.002479,10,147456
"relu_(384,384)",relu_,384,384.0,2.748009,2.702768,2.848482,0.056759,10,147456
"selu_(1024,128)",selu_,1024,128.0,2.736134,2.675715,2.881429,0.075976,10,131072
"tanh_(384,384)",tanh_,384,384.0,2.735134,2.675625,2.908571,0.094266,10,147456
"selu_(128,1024)",selu_,128,1024.0,2.727116,2.648482,2.928572,0.10566,10,131072
"selu_(256,512)",selu_,256,512.0,2.702321,2.622857,2.894375,0.11391,10,131072
"linear_(384,384)",linear_,384,384.0,2.691723,2.638483,2.825804,0.067829,10,147456
"selu_(512,256)",selu_,512,256.0,2.682884,2.64,2.85009,0.080251,10,131072
"parametric_relu_(1024,128)",parametric_relu_,1024,128.0,2.681116,2.611429,2.819911,0.08677,10,131072
"elu_(256,512)",elu_,256,512.0,2.652161,2.604286,2.807143,0.078559,10,131072
"relu_(1024,128)",relu_,1024,128.0,2.642598,2.522857,2.777233,0.106178,10,131072
"elu_(512,256)",elu_,512,256.0,2.639027,2.577232,2.801429,0.095021,10,131072
"elu_(128,1024)",elu_,128,1024.0,2.61842,2.592768,2.789911,0.060451,10,131072
"elu_(1024,128)",elu_,1024,128.0,2.613678,2.588571,2.797053,0.064532,10,131072
"binary_step_(256,640)",binary_step_,256,640.0,2.613563,2.517054,2.741429,0.0958,10,163840
"leaky_relu_(512,256)",leaky_relu_,512,256.0,2.589134,2.507054,2.731429,0.086707,10,131072
"leaky_relu_(1024,128)",leaky_relu_,1024,128.0,2.583161,2.561428,2.748571,0.058207,10,131072
"leaky_relu_(256,512)",leaky_relu_,256,512.0,2.577304,2.504285,2.745714,0.095212,10,131072
"parametric_relu_(512,256)",parametric_relu_,512,256.0,2.560714,2.505714,2.748571,0.099313,10,131072
"parametric_relu_(256,512)",parametric_relu_,256,512.0,2.560411,2.505714,2.707143,0.083961,10,131072
"linear_(1024,128)",linear_,1024,128.0,2.552125,2.482946,2.751517,0.109665,10,131072
"relu_(128,1024)",relu_,128,1024.0,2.54683,2.45866,2.659911,0.086737,10,131072
"parametric_relu_(128,1024)",parametric_relu_,128,1024.0,2.545893,2.501429,2.712858,0.078554,10,131072
"binary_step_(640,256)",binary_step_,640,256.0,2.545723,2.491429,2.717232,0.072717,10,163840
"leaky_relu_(128,1024)",leaky_relu_,128,1024.0,2.545286,2.485715,2.698572,0.089959,10,131072
"relu_(512,256)",relu_,512,256.0,2.53958,2.494375,2.678572,0.066995,10,131072
"relu_(256,512)",relu_,256,512.0,2.538973,2.448571,2.705715,0.112697,10,131072
"tanh_(1024,128)",tanh_,1024,128.0,2.538134,2.508482,2.674197,0.054649,10,131072
"tanh_(256,512)",tanh_,256,512.0,2.536982,2.475625,2.688482,0.083438,10,131072
"selu_(896,128)",selu_,896,128.0,2.531143,2.44,2.677053,0.102411,10,114688
"tanh_(512,256)",tanh_,512,256.0,2.526125,2.468572,2.694196,0.087684,10,131072
"sigmoid_(768,128)",sigmoid_,768,128.0,2.496447,2.448482,2.654375,0.070549,10,98304
"linear_(128,1024)",linear_,128,1024.0,2.489277,2.417143,2.664196,0.104659,10,131072
"linear_(256,512)",linear_,256,512.0,2.481598,2.424375,2.634286,0.089233,10,131072
"linear_(512,256)",linear_,512,256.0,2.479866,2.445715,2.591429,0.054638,10,131072
"parametric_relu_(896,128)",parametric_relu_,896,128.0,2.476848,2.411429,2.631429,0.092821,10,114688
"sigmoid_(256,384)",sigmoid_,256,384.0,2.47558,2.434285,2.632946,0.07166,10,98304
"tanh_(128,1024)",tanh_,128,1024.0,2.475562,2.448572,2.687142,0.074418,10,131072
"elu_(896,128)",elu_,896,128.0,2.47184,2.381518,2.631339,0.104775,10,114688
"sigmoid_(384,256)",sigmoid_,384,256.0,2.467759,2.427232,2.625625,0.081406,10,98304
"sigmoid_(128,768)",sigmoid_,128,768.0,2.463723,2.399911,2.631428,0.102791,10,98304
"selu_(128,896)",selu_,128,896.0,2.429456,2.422946,2.437143,0.00445,10,114688
"parametric_relu_(128,896)",parametric_relu_,128,896.0,2.427161,2.354375,2.56,0.088978,10,114688
"elu_(128,896)",elu_,128,896.0,2.420161,2.360089,2.561429,0.090133,10,114688
"binary_step_(384,384)",binary_step_,384,384.0,2.408286,2.361518,2.617054,0.088658,10,147456
"relu_(896,128)",relu_,896,128.0,2.366116,2.315625,2.554286,0.087613,10,114688
"leaky_relu_(896,128)",leaky_relu_,896,128.0,2.362848,2.334286,2.554286,0.06733,10,114688
"leaky_relu_(128,896)",leaky_relu_,128,896.0,2.343705,2.288572,2.525714,0.088861,10,114688
"tanh_(128,896)",tanh_,128,896.0,2.328438,2.262857,2.564286,0.108456,10,114688
"tanh_(896,128)",tanh_,896,128.0,2.326125,2.285625,2.477143,0.069828,10,114688
"relu_(128,896)",relu_,128,896.0,2.305125,2.267143,2.447233,0.066744,10,114688
"linear_(128,896)",linear_,128,896.0,2.297277,2.251429,2.46,0.076109,10,114688
"selu_(768,128)",selu_,768,128.0,2.292411,2.225625,2.454285,0.08888,10,98304
"sigmoid_(640,128)",sigmoid_,640,128.0,2.279562,2.21,2.438571,0.098233,10,81920
"sigmoid_(128,640)",sigmoid_,128,640.0,2.276714,2.165625,2.458572,0.106478,10,81920
"elu_(128,768)",elu_,128,768.0,2.275187,2.168571,2.447232,0.11731,10,98304
"selu_(256,384)",selu_,256,384.0,2.272875,2.232857,2.428571,0.070293,10,98304
"linear_(896,128)",linear_,896,128.0,2.270866,2.261518,2.282857,0.006301,10,114688
"binary_step_(128,1024)",binary_step_,128,1024.0,2.261277,2.20009,2.42,0.0804,10,131072
"binary_step_(512,256)",binary_step_,512,256.0,2.258732,2.185715,2.405715,0.09497,10,131072
"selu_(384,256)",selu_,384,256.0,2.25042,2.210089,2.408483,0.077533,10,98304
"selu_(128,768)",selu_,128,768.0,2.236705,2.195625,2.371429,0.069582,10,98304
"elu_(256,384)",elu_,256,384.0,2.221723,2.181429,2.345714,0.064745,10,98304
"binary_step_(256,512)",binary_step_,256,512.0,2.220295,2.187143,2.365715,0.054048,10,131072
"elu_(768,128)",elu_,768,128.0,2.212687,2.188571,2.36,0.052584,10,98304
"binary_step_(1024,128)",binary_step_,1024,128.0,2.21167,2.178482,2.404197,0.068085,10,131072
"leaky_relu_(768,128)",leaky_relu_,768,128.0,2.208036,2.157232,2.338661,0.080759,10,98304
"tanh_(768,128)",tanh_,768,128.0,2.206964,2.117054,2.308572,0.088663,10,98304
"elu_(384,256)",elu_,384,256.0,2.202982,2.142857,2.382858,0.088064,10,98304
"parametric_relu_(128,768)",parametric_relu_,128,768.0,2.18733,2.120089,2.332768,0.087289,10,98304
"relu_(768,128)",relu_,768,128.0,2.18042,2.112767,2.385714,0.096858,10,98304
"relu_(256,384)",relu_,256,384.0,2.179679,2.074196,2.305715,0.099939,10,98304
"parametric_relu_(256,384)",parametric_relu_,256,384.0,2.178857,2.137054,2.378572,0.078843,10,98304
"parametric_relu_(768,128)",parametric_relu_,768,128.0,2.170571,2.164286,2.174375,0.003222,10,98304
"leaky_relu_(128,768)",leaky_relu_,128,768.0,2.144571,2.075803,2.294197,0.088831,10,98304
"leaky_relu_(384,256)",leaky_relu_,384,256.0,2.143705,2.075715,2.308482,0.085484,10,98304
"leaky_relu_(256,384)",leaky_relu_,256,384.0,2.135875,2.100089,2.28,0.068831,10,98304
"parametric_relu_(384,256)",parametric_relu_,384,256.0,2.12558,2.082946,2.342947,0.07672,10,98304
"relu_(128,768)",relu_,128,768.0,2.116705,2.072768,2.291518,0.085924,10,98304
"relu_(384,256)",relu_,384,256.0,2.110134,2.065714,2.315714,0.082696,10,98304
"tanh_(256,384)",tanh_,256,384.0,2.109607,2.067232,2.25866,0.072217,10,98304
"linear_(768,128)",linear_,768,128.0,2.100982,2.074286,2.214286,0.040791,10,98304
"tanh_(384,256)",tanh_,384,256.0,2.100152,2.080089,2.225715,0.045729,10,98304
"tanh_(128,768)",tanh_,128,768.0,2.09742,2.047232,2.285714,0.093385,10,98304
"linear_(128,768)",linear_,128,768.0,2.094393,2.062857,2.27,0.062071,10,98304
"binary_step_(128,896)",binary_step_,128,896.0,2.077125,2.002857,2.27,0.108511,10,114688
"linear_(384,256)",linear_,384,256.0,2.069571,2.065714,2.078661,0.00466,10,98304
"linear_(256,384)",linear_,256,384.0,2.062714,2.058572,2.067143,0.003862,10,98304
"binary_step_(896,128)",binary_step_,896,128.0,2.057991,2.008571,2.234375,0.080268,10,114688
"selu_(128,640)",selu_,128,640.0,2.055286,1.987053,2.23,0.091423,10,81920
"selu_(640,128)",selu_,640,128.0,2.029402,1.98,2.21,0.079549,10,81920
"parametric_relu_(640,128)",parametric_relu_,640,128.0,2.016009,1.952768,2.138571,0.082377,10,81920
"elu_(128,640)",elu_,128,640.0,1.998723,1.928572,2.172857,0.090661,10,81920
"relu_(640,128)",relu_,640,128.0,1.989009,1.924286,2.125714,0.072706,10,81920
"elu_(640,128)",elu_,640,128.0,1.985562,1.95,2.121339,0.056189,10,81920
"leaky_relu_(640,128)",leaky_relu_,640,128.0,1.985268,1.917232,2.144197,0.092738,10,81920
"sigmoid_(256,256)",sigmoid_,256,256.0,1.977036,1.895804,2.122857,0.098401,10,65536
"parametric_relu_(128,640)",parametric_relu_,128,640.0,1.973143,1.915714,2.134286,0.085038,10,81920
"leaky_relu_(128,640)",leaky_relu_,128,640.0,1.962732,1.888571,2.122858,0.099118,10,81920
"sigmoid_(512,128)",sigmoid_,512,128.0,1.950161,1.941518,2.005714,0.019624,10,65536
"binary_step_(768,128)",binary_step_,768,128.0,1.940991,1.87134,2.082768,0.094498,10,98304
"binary_step_(384,256)",binary_step_,384,256.0,1.939286,1.862857,2.120089,0.110444,10,98304
"linear_(640,128)",linear_,640,128.0,1.933152,1.871429,2.082946,0.090742,10,81920
"tanh_(640,128)",tanh_,640,128.0,1.928982,1.882857,2.132768,0.086195,10,81920
"relu_(128,640)",relu_,128,640.0,1.923455,1.882768,2.08,0.081479,10,81920
"tanh_(128,640)",tanh_,128,640.0,1.916169,1.861517,2.131518,0.096029,10,81920
"sigmoid_(128,512)",sigmoid_,128,512.0,1.905,1.884375,2.065715,0.056513,10,65536
"binary_step_(256,384)",binary_step_,256,384.0,1.898714,1.844286,2.071429,0.090532,10,98304
"binary_step_(128,768)",binary_step_,128,768.0,1.87875,1.84,2.030089,0.073276,10,98304
"linear_(128,640)",linear_,128,640.0,1.855277,1.852768,1.85866,0.001697,10,81920
"elu_(128,512)",elu_,128,512.0,1.813438,1.727143,2.035804,0.112568,10,65536
"selu_(256,256)",selu_,256,256.0,1.809277,1.755804,2.005714,0.086366,10,65536
"selu_(512,128)",selu_,512,128.0,1.792598,1.764285,1.981429,0.066489,10,65536
"parametric_relu_(512,128)",parametric_relu_,512,128.0,1.783438,1.728572,1.901518,0.070016,10,65536
"elu_(512,128)",elu_,512,128.0,1.778,1.735714,1.951429,0.071868,10,65536
"selu_(128,512)",selu_,128,512.0,1.75758,1.754286,1.762857,0.003075,10,65536
"elu_(256,256)",elu_,256,256.0,1.752848,1.741518,1.762768,0.007926,10,65536
"parametric_relu_(128,512)",parametric_relu_,128,512.0,1.750875,1.709911,1.921518,0.075534,10,65536
"relu_(512,128)",relu_,512,128.0,1.748616,1.701429,1.912947,0.076302,10,65536
"binary_step_(640,128)",binary_step_,640,128.0,1.745429,1.7,1.931429,0.088027,10,81920
"tanh_(256,256)",tanh_,256,256.0,1.744259,1.662946,1.895625,0.094155,10,65536
"tanh_(128,512)",tanh_,128,512.0,1.741732,1.674285,1.888572,0.091073,10,65536
"tanh_(512,128)",tanh_,512,128.0,1.733723,1.695715,1.831518,0.058089,10,65536
"linear_(512,128)",linear_,512,128.0,1.730429,1.677143,2.01,0.10566,10,65536
"leaky_relu_(512,128)",leaky_relu_,512,128.0,1.724277,1.691429,1.889911,0.059801,10,65536
"relu_(128,512)",relu_,128,512.0,1.717688,1.664286,1.872768,0.074113,10,65536
"leaky_relu_(256,256)",leaky_relu_,256,256.0,1.706446,1.659911,1.851518,0.066363,10,65536
"sigmoid_(384,128)",sigmoid_,384,128.0,1.704741,1.662857,1.914285,0.0766,10,49152
"parametric_relu_(256,256)",parametric_relu_,256,256.0,1.704678,1.682857,1.857053,0.053636,10,65536
"linear_(256,256)",linear_,256,256.0,1.702411,1.64991,1.831429,0.079155,10,65536
"sigmoid_(128,384)",sigmoid_,128,384.0,1.698973,1.657142,1.854197,0.076534,10,49152
"binary_step_(128,640)",binary_step_,128,640.0,1.698277,1.681428,1.762857,0.024336,10,81920
"linear_(128,512)",linear_,128,512.0,1.695125,1.65134,1.845714,0.065704,10,65536
"leaky_relu_(128,512)",leaky_relu_,128,512.0,1.686848,1.667232,1.81009,0.043481,10,65536
"relu_(256,256)",relu_,256,256.0,1.670866,1.655714,1.765714,0.03365,10,65536
"selu_(128,384)",selu_,128,384.0,1.607571,1.557143,1.751518,0.079571,10,49152
"selu_(384,128)",selu_,384,128.0,1.582964,1.541429,1.758572,0.072478,10,49152
"binary_step_(256,256)",binary_step_,256,256.0,1.582554,1.531429,1.734286,0.070335,10,65536
"elu_(128,384)",elu_,128,384.0,1.575857,1.50991,1.752768,0.100989,10,49152
"elu_(384,128)",elu_,384,128.0,1.570277,1.535625,1.727143,0.068965,10,49152
"binary_step_(512,128)",binary_step_,512,128.0,1.559572,1.512857,1.761428,0.091379,10,65536
"tanh_(384,128)",tanh_,384,128.0,1.55683,1.484196,1.695625,0.089383,10,49152
"leaky_relu_(384,128)",leaky_relu_,384,128.0,1.529866,1.505714,1.727142,0.069349,10,49152
"parametric_relu_(128,384)",parametric_relu_,128,384.0,1.529116,1.494286,1.784286,0.08974,10,49152
"linear_(384,128)",linear_,384,128.0,1.526259,1.468571,1.685714,0.087852,10,49152
"relu_(128,384)",relu_,128,384.0,1.524429,1.471518,1.718482,0.092886,10,49152
"linear_(128,384)",linear_,128,384.0,1.522732,1.475804,1.677053,0.069415,10,49152
"binary_step_(128,512)",binary_step_,128,512.0,1.517277,1.511429,1.524286,0.004424,10,65536
"parametric_relu_(384,128)",parametric_relu_,384,128.0,1.514822,1.502857,1.585804,0.025015,10,49152
"relu_(384,128)",relu_,384,128.0,1.512438,1.482857,1.688661,0.06473,10,49152
"tanh_(128,384)",tanh_,128,384.0,1.50433,1.482947,1.602857,0.041887,10,49152
"leaky_relu_(128,384)",leaky_relu_,128,384.0,1.489143,1.481339,1.54,0.017947,10,49152
"sigmoid_(256,128)",sigmoid_,256,128.0,1.44375,1.405714,1.560089,0.054436,10,32768
"sigmoid_(128,256)",sigmoid_,128,256.0,1.430446,1.384286,1.604375,0.083098,10,32768
"binary_step_(384,128)",binary_step_,384,128.0,1.410848,1.332947,1.575714,0.097813,10,49152
"selu_(256,128)",selu_,256,128.0,1.376848,1.304196,1.522947,0.096417,10,32768
"elu_(128,256)",elu_,128,256.0,1.376,1.285714,1.494196,0.092322,10,32768
"binary_step_(128,384)",binary_step_,128,384.0,1.371143,1.347143,1.542857,0.060412,10,49152
"elu_(256,128)",elu_,256,128.0,1.36783,1.314196,1.548572,0.089453,10,32768
"selu_(128,256)",selu_,128,256.0,1.319866,1.30134,1.407232,0.038476,10,32768
"parametric_relu_(128,256)",parametric_relu_,128,256.0,1.31717,1.26,1.518661,0.095697,10,32768
"relu_(256,128)",relu_,256,128.0,1.306723,1.261429,1.531428,0.091814,10,32768
"leaky_relu_(128,256)",leaky_relu_,128,256.0,1.305991,1.264196,1.454285,0.068596,10,32768
"leaky_relu_(256,128)",leaky_relu_,256,128.0,1.304571,1.285714,1.46009,0.054658,10,32768
"relu_(128,256)",relu_,128,256.0,1.304447,1.272857,1.489911,0.070149,10,32768
"tanh_(128,256)",tanh_,128,256.0,1.30142,1.255625,1.465714,0.081741,10,32768
"linear_(256,128)",linear_,256,128.0,1.297679,1.27,1.455625,0.056552,10,32768
"tanh_(256,128)",tanh_,256,128.0,1.288562,1.264375,1.474375,0.065384,10,32768
"parametric_relu_(256,128)",parametric_relu_,256,128.0,1.277286,1.270089,1.305625,0.01014,10,32768
"linear_(128,256)",linear_,128,256.0,1.25842,1.248571,1.312947,0.019301,10,32768
"binary_step_(256,128)",binary_step_,256,128.0,1.222741,1.185715,1.368572,0.062564,10,32768
"binary_step_(128,256)",binary_step_,128,256.0,1.202696,1.180089,1.364375,0.056885,10,32768
"sigmoid_(128,128)",sigmoid_,128,128.0,1.173125,1.131428,1.324285,0.073967,10,16384
"parametric_relu_(128,128)",parametric_relu_,128,128.0,1.096277,1.067053,1.2,0.054302,10,16384
"relu_(128,128)",relu_,128,128.0,1.095607,1.077233,1.214196,0.042167,10,16384
"tanh_(128,128)",tanh_,128,128.0,1.088821,1.062768,1.294196,0.072267,10,16384
"leaky_relu_(128,128)",leaky_relu_,128,128.0,1.083696,1.058482,1.281429,0.069564,10,16384
"selu_(128,128)",selu_,128,128.0,1.083438,1.080089,1.085804,0.001919,10,16384
"sigmoid_(6912,)",sigmoid_,6912,,1.081134,0.994286,1.23,0.09864,10,6912
"elu_(128,128)",elu_,128,128.0,1.075277,1.07,1.08,0.004466,10,16384
"linear_(128,128)",linear_,128,128.0,1.07,1.057232,1.13991,0.024769,10,16384
"elu_(7424,)",elu_,7424,,1.058625,0.95866,1.178661,0.092817,10,7424
"binary_step_(128,128)",binary_step_,128,128.0,1.051723,1.02,1.27,0.077309,10,16384
"sigmoid_(6272,)",sigmoid_,6272,,1.047429,0.985714,1.187143,0.095462,10,6272
"sigmoid_(6528,)",sigmoid_,6528,,1.036741,0.99,1.192857,0.076242,10,6528
"selu_(6528,)",selu_,6528,,1.035429,0.968661,1.177054,0.088702,10,6528
"elu_(6784,)",elu_,6784,,1.034152,0.96,1.201518,0.096873,10,6784
"sigmoid_(7168,)",sigmoid_,7168,,1.03125,0.989911,1.154286,0.060121,10,7168
"tanh_(5888,)",tanh_,5888,,1.030857,0.935714,1.152857,0.091692,10,5888
"sigmoid_(8064,)",sigmoid_,8064,,1.030304,0.982857,1.174286,0.072936,10,8064
"elu_(6528,)",elu_,6528,,1.026125,1.008571,1.141518,0.040987,10,6528
"sigmoid_(6400,)",sigmoid_,6400,,1.024705,0.981518,1.218661,0.080813,10,6400
"elu_(6912,)",elu_,6912,,1.023589,0.962946,1.214285,0.095725,10,6912
"elu_(6656,)",elu_,6656,,1.02342,0.964196,1.14009,0.0688,10,6656
"binary_step_(6528,)",binary_step_,6528,,1.023125,0.927232,1.157053,0.097979,10,6528
"sigmoid_(4736,)",sigmoid_,4736,,1.022027,0.957053,1.190089,0.097824,10,4736
"tanh_(4352,)",tanh_,4352,,1.01941,0.925803,1.134286,0.091497,10,4352
"sigmoid_(7808,)",sigmoid_,7808,,1.018839,0.98,1.181429,0.072121,10,7808
"sigmoid_(6784,)",sigmoid_,6784,,1.017419,0.984285,1.224196,0.075834,10,6784
"sigmoid_(7040,)",sigmoid_,7040,,1.017125,0.985625,1.174286,0.058349,10,7040
"elu_(7168,)",elu_,7168,,1.016277,0.961429,1.168571,0.085231,10,7168
"sigmoid_(7424,)",sigmoid_,7424,,1.016187,0.980089,1.238661,0.080639,10,7424
"selu_(8064,)",selu_,8064,,1.014982,0.967053,1.167054,0.077107,10,8064
"sigmoid_(5120,)",sigmoid_,5120,,1.014714,0.964285,1.171428,0.081605,10,5120
"linear_(6912,)",linear_,6912,,1.013866,0.948572,1.125715,0.082241,10,6912
"leaky_relu_(6912,)",leaky_relu_,6912,,1.013276,0.952857,1.150089,0.077333,10,6912
"sigmoid_(8192,)",sigmoid_,8192,,1.012973,0.989911,1.21134,0.069706,10,8192
"tanh_(8192,)",tanh_,8192,,1.012411,0.945625,1.151428,0.086795,10,8192
"selu_(6400,)",selu_,6400,,1.008536,0.972768,1.148571,0.060604,10,6400
"leaky_relu_(6144,)",leaky_relu_,6144,,1.008446,0.931428,1.192857,0.114755,10,6144
"tanh_(7936,)",tanh_,7936,,1.008143,0.945804,1.157143,0.085629,10,7936
"elu_(7552,)",elu_,7552,,1.006589,0.957142,1.165714,0.078324,10,7552
"parametric_relu_(6528,)",parametric_relu_,6528,,1.006152,0.94866,1.175625,0.087533,10,6528
"selu_(4864,)",selu_,4864,,1.006036,0.942946,1.151518,0.08427,10,4864
"relu_(7168,)",relu_,7168,,1.006027,0.951429,1.171339,0.090407,10,7168
"selu_(8192,)",selu_,8192,,1.005714,0.965714,1.175625,0.083372,10,8192
"sigmoid_(7296,)",sigmoid_,7296,,1.005589,0.977143,1.118571,0.052152,10,7296
"sigmoid_(7680,)",sigmoid_,7680,,1.004697,0.985714,1.121429,0.042036,10,7680
"selu_(3200,)",selu_,3200,,1.004696,0.912768,1.118482,0.094992,10,3200
"sigmoid_(6656,)",sigmoid_,6656,,1.003848,0.995714,1.037142,0.013353,10,6656
"tanh_(7552,)",tanh_,7552,,1.003321,0.951428,1.162947,0.083572,10,7552
"sigmoid_(7552,)",sigmoid_,7552,,1.002589,0.994285,1.068571,0.023204,10,7552
"tanh_(4736,)",tanh_,4736,,1.002321,0.934286,1.155804,0.091556,10,4736
"linear_(6656,)",linear_,6656,,1.002143,0.948661,1.15,0.083191,10,6656
"tanh_(7040,)",tanh_,7040,,1.001125,0.954197,1.171429,0.072911,10,7040
"sigmoid_(5760,)",sigmoid_,5760,,1.000875,1.0,1.001518,0.000698,10,5760
"tanh_(7808,)",tanh_,7808,,1.000714,0.949911,1.15,0.072747,10,7808
"tanh_(7424,)",tanh_,7424,,0.998991,0.951339,1.194286,0.087271,10,7424
"parametric_relu_(7424,)",parametric_relu_,7424,,0.998446,0.952857,1.150089,0.078325,10,7424
"linear_(6784,)",linear_,6784,,0.998134,0.947053,1.14991,0.085634,10,6784
"tanh_(7680,)",tanh_,7680,,0.997741,0.951518,1.142857,0.073766,10,7680
"tanh_(4480,)",tanh_,4480,,0.997563,0.929911,1.147143,0.081809,10,4480
"selu_(6656,)",selu_,6656,,0.996259,0.964197,1.22,0.079989,10,6656
"elu_(6272,)",elu_,6272,,0.995009,0.96134,1.13009,0.064722,10,6272
"tanh_(6272,)",tanh_,6272,,0.994545,0.952857,1.128572,0.067319,10,6272
"linear_(4480,)",linear_,4480,,0.994402,0.925714,1.162768,0.108421,10,4480
"tanh_(6656,)",tanh_,6656,,0.993295,0.948571,1.091429,0.051339,10,6656
"leaky_relu_(7040,)",leaky_relu_,7040,,0.993143,0.954196,1.120089,0.062244,10,7040
"selu_(7936,)",selu_,7936,,0.992964,0.954196,1.071429,0.046595,10,7936
"relu_(6400,)",relu_,6400,,0.992866,0.954286,1.160089,0.077472,10,6400
"selu_(5376,)",selu_,5376,,0.992572,0.948571,1.079911,0.053287,10,5376
"sigmoid_(2176,)",sigmoid_,2176,,0.991411,0.928572,1.135625,0.084196,10,2176
"leaky_relu_(6656,)",leaky_relu_,6656,,0.991143,0.954196,1.144375,0.070608,10,6656
"parametric_relu_(7296,)",parametric_relu_,7296,,0.990875,0.951518,1.13866,0.077134,10,7296
"selu_(6272,)",selu_,6272,,0.99083,0.962857,1.211428,0.077552,10,6272
"selu_(6912,)",selu_,6912,,0.990151,0.964285,1.115803,0.047578,10,6912
"selu_(7168,)",selu_,7168,,0.989706,0.965715,1.161518,0.061106,10,7168
"sigmoid_(7936,)",sigmoid_,7936,,0.989688,0.982858,1.02009,0.010972,10,7936
"relu_(7680,)",relu_,7680,,0.989563,0.947143,1.172858,0.080544,10,7680
"selu_(7040,)",selu_,7040,,0.988553,0.965803,1.178482,0.06674,10,7040
"selu_(7424,)",selu_,7424,,0.988178,0.961518,1.085714,0.049224,10,7424
"parametric_relu_(4608,)",parametric_relu_,4608,,0.98817,0.932857,1.145715,0.083251,10,4608
"elu_(7808,)",elu_,7808,,0.98783,0.954286,1.14,0.060104,10,7808
"selu_(6784,)",selu_,6784,,0.98758,0.964286,1.165714,0.062612,10,6784
"linear_(6528,)",linear_,6528,,0.987571,0.951428,1.147053,0.073833,10,6528
"sigmoid_(6144,)",sigmoid_,6144,,0.987411,0.957143,1.17991,0.06943,10,6144
"binary_step_(4224,)",binary_step_,4224,,0.987259,0.908482,1.094285,0.074622,10,4224
"parametric_relu_(6912,)",parametric_relu_,6912,,0.986991,0.955714,1.21134,0.079347,10,6912
"sigmoid_(5888,)",sigmoid_,5888,,0.986723,0.957143,1.108571,0.059851,10,5888
"elu_(7680,)",elu_,7680,,0.986536,0.957054,1.088483,0.049117,10,7680
"tanh_(4224,)",tanh_,4224,,0.986304,0.934375,1.142768,0.076457,10,4224
"tanh_(5632,)",tanh_,5632,,0.985724,0.931429,1.132858,0.079144,10,5632
"leaky_relu_(8192,)",leaky_relu_,8192,,0.985554,0.945714,1.141339,0.074979,10,8192
"elu_(5248,)",elu_,5248,,0.985438,0.942857,1.111429,0.066697,10,5248
"selu_(7296,)",selu_,7296,,0.985312,0.958482,1.154285,0.061878,10,7296
"relu_(7936,)",relu_,7936,,0.985152,0.951518,1.16,0.067548,10,7936
"tanh_(4864,)",tanh_,4864,,0.985,0.928572,1.137232,0.087837,10,4864
"linear_(6272,)",linear_,6272,,0.984598,0.945804,1.114285,0.068499,10,6272
"selu_(4992,)",selu_,4992,,0.984562,0.94866,1.122768,0.05976,10,4992
"leaky_relu_(7680,)",leaky_relu_,7680,,0.984295,0.942947,1.172768,0.076011,10,7680
"binary_step_(8192,)",binary_step_,8192,,0.983964,0.921339,1.140089,0.096151,10,8192
"elu_(4992,)",elu_,4992,,0.983848,0.942768,1.142857,0.079602,10,4992
"elu_(8192,)",elu_,8192,,0.98383,0.955625,1.124286,0.059627,10,8192
"linear_(6016,)",linear_,6016,,0.983705,0.927143,1.121339,0.076205,10,6016
"selu_(6144,)",selu_,6144,,0.983312,0.938661,1.151428,0.08495,10,6144
"linear_(4608,)",linear_,4608,,0.982571,0.928571,1.111428,0.076024,10,4608
"leaky_relu_(7936,)",leaky_relu_,7936,,0.982116,0.941429,1.144196,0.074262,10,7936
"leaky_relu_(7424,)",leaky_relu_,7424,,0.982107,0.948571,1.132768,0.066386,10,7424
"leaky_relu_(7552,)",leaky_relu_,7552,,0.981839,0.947232,1.154286,0.069211,10,7552
"leaky_relu_(6272,)",leaky_relu_,6272,,0.981446,0.947053,1.154286,0.070917,10,6272
"parametric_relu_(6272,)",parametric_relu_,6272,,0.981286,0.954375,1.174375,0.067902,10,6272
"elu_(7936,)",elu_,7936,,0.981161,0.954285,1.175714,0.068758,10,7936
"relu_(6528,)",relu_,6528,,0.981143,0.952857,1.214197,0.0819,10,6528
"parametric_relu_(4992,)",parametric_relu_,4992,,0.98075,0.932768,1.117143,0.071615,10,4992
"tanh_(6528,)",tanh_,6528,,0.980732,0.951428,1.14991,0.063594,10,6528
"sigmoid_(4864,)",sigmoid_,4864,,0.980464,0.954375,1.180089,0.070173,10,4864
"selu_(6016,)",selu_,6016,,0.980438,0.942947,1.158571,0.068403,10,6016
"elu_(6016,)",elu_,6016,,0.980304,0.94134,1.174375,0.078036,10,6016
"parametric_relu_(7936,)",parametric_relu_,7936,,0.980277,0.957054,1.171428,0.067181,10,7936
"elu_(4224,)",elu_,4224,,0.98017,0.934286,1.147232,0.081287,10,4224
"parametric_relu_(5120,)",parametric_relu_,5120,,0.979848,0.927143,1.12,0.082573,10,5120
"leaky_relu_(4992,)",leaky_relu_,4992,,0.979134,0.932947,1.124286,0.07553,10,4992
"sigmoid_(3328,)",sigmoid_,3328,,0.97883,0.924375,1.117054,0.081745,10,3328
"sigmoid_(4352,)",sigmoid_,4352,,0.978732,0.96,1.137143,0.055667,10,4352
"tanh_(7168,)",tanh_,7168,,0.978705,0.954196,1.181429,0.071249,10,7168
"sigmoid_(6016,)",sigmoid_,6016,,0.978589,0.960089,1.108661,0.045749,10,6016
"leaky_relu_(6400,)",leaky_relu_,6400,,0.97816,0.954375,1.161517,0.064442,10,6400
"relu_(5376,)",relu_,5376,,0.977857,0.927142,1.158572,0.091872,10,5376
"sigmoid_(5248,)",sigmoid_,5248,,0.977429,0.954285,1.158482,0.063671,10,5248
"sigmoid_(4480,)",sigmoid_,4480,,0.977411,0.961429,1.082767,0.037102,10,4480
"binary_step_(6912,)",binary_step_,6912,,0.976857,0.928482,1.141428,0.07286,10,6912
"linear_(5888,)",linear_,5888,,0.97675,0.925714,1.137232,0.083564,10,5888
"relu_(7552,)",relu_,7552,,0.976732,0.951518,1.17,0.067937,10,7552
"tanh_(4992,)",tanh_,4992,,0.976688,0.932857,1.141339,0.086066,10,4992
"leaky_relu_(5888,)",leaky_relu_,5888,,0.976393,0.924286,1.127142,0.071773,10,5888
"tanh_(6400,)",tanh_,6400,,0.976295,0.954286,1.164196,0.066034,10,6400
"leaky_relu_(8064,)",leaky_relu_,8064,,0.976017,0.945714,1.132857,0.057296,10,8064
"leaky_relu_(6528,)",leaky_relu_,6528,,0.976009,0.955714,1.147232,0.060174,10,6528
"binary_step_(7680,)",binary_step_,7680,,0.975848,0.927143,1.132858,0.07765,10,7680
"sigmoid_(5632,)",sigmoid_,5632,,0.975696,0.958661,1.024286,0.020565,10,5632
"selu_(3712,)",selu_,3712,,0.975419,0.904285,1.118572,0.093385,10,3712
"linear_(7936,)",linear_,7936,,0.975402,0.942857,1.137143,0.062382,10,7936
"sigmoid_(5376,)",sigmoid_,5376,,0.974893,0.957142,1.12,0.051001,10,5376
"binary_step_(6784,)",binary_step_,6784,,0.974732,0.924285,1.141429,0.078651,10,6784
"linear_(5632,)",linear_,5632,,0.974563,0.92,1.125714,0.082737,10,5632
"binary_step_(6272,)",binary_step_,6272,,0.974018,0.93,1.115804,0.071888,10,6272
"elu_(5632,)",elu_,5632,,0.973714,0.942857,1.131428,0.065382,10,5632
"relu_(7040,)",relu_,7040,,0.973428,0.952857,1.125715,0.053533,10,7040
"leaky_relu_(5632,)",leaky_relu_,5632,,0.973276,0.927232,1.11991,0.073274,10,5632
"sigmoid_(2944,)",sigmoid_,2944,,0.973241,0.922947,1.129911,0.082729,10,2944
"selu_(4224,)",selu_,4224,,0.97316,0.948571,1.162946,0.066705,10,4224
"elu_(3712,)",elu_,3712,,0.972866,0.907232,1.12134,0.083645,10,3712
"selu_(5120,)",selu_,5120,,0.972866,0.940089,1.12,0.058439,10,5120
"relu_(5632,)",relu_,5632,,0.972607,0.928571,1.110089,0.070407,10,5632
"parametric_relu_(7808,)",parametric_relu_,7808,,0.972286,0.95,1.161518,0.066498,10,7808
"elu_(8064,)",elu_,8064,,0.972277,0.952946,1.121518,0.052471,10,8064
"elu_(5376,)",elu_,5376,,0.972268,0.942768,1.052857,0.044876,10,5376
"linear_(5760,)",linear_,5760,,0.972009,0.928482,1.152947,0.084067,10,5760
"parametric_relu_(4224,)",parametric_relu_,4224,,0.971803,0.932767,1.204196,0.088164,10,4224
"linear_(8064,)",linear_,8064,,0.971545,0.944286,1.08,0.044151,10,8064
"elu_(7296,)",elu_,7296,,0.970866,0.957142,1.021518,0.023303,10,7296
"sigmoid_(4608,)",sigmoid_,4608,,0.970706,0.962857,1.028572,0.020353,10,4608
"parametric_relu_(8064,)",parametric_relu_,8064,,0.970705,0.952857,1.088571,0.042838,10,8064
"selu_(7680,)",selu_,7680,,0.970678,0.96,1.02,0.019277,10,7680
"leaky_relu_(7808,)",leaky_relu_,7808,,0.970589,0.948482,1.148572,0.062573,10,7808
"linear_(6400,)",linear_,6400,,0.970455,0.95009,1.135804,0.058109,10,6400
"elu_(7040,)",elu_,7040,,0.970428,0.961428,1.031518,0.021559,10,7040
"selu_(4352,)",selu_,4352,,0.97042,0.94,1.085804,0.054409,10,4352
"relu_(6912,)",relu_,6912,,0.970402,0.95009,1.13,0.05609,10,6912
"elu_(6144,)",elu_,6144,,0.970312,0.944375,1.158482,0.066191,10,6144
"elu_(3584,)",elu_,3584,,0.970295,0.908661,1.114286,0.082508,10,3584
"selu_(4736,)",selu_,4736,,0.970143,0.942947,1.094286,0.055056,10,4736
"tanh_(5504,)",tanh_,5504,,0.970134,0.931518,1.164285,0.078315,10,5504
"tanh_(5760,)",tanh_,5760,,0.969875,0.934286,1.168661,0.077739,10,5760
"relu_(8064,)",relu_,8064,,0.969857,0.951428,1.114286,0.050769,10,8064
"parametric_relu_(6784,)",parametric_relu_,6784,,0.969455,0.95,1.127053,0.055419,10,6784
"elu_(4864,)",elu_,4864,,0.969259,0.94,1.165714,0.070665,10,4864
"tanh_(7296,)",tanh_,7296,,0.969161,0.95,1.084197,0.042597,10,7296
"relu_(7296,)",relu_,7296,,0.969009,0.947232,1.095804,0.045306,10,7296
"linear_(7680,)",linear_,7680,,0.969009,0.944375,1.088571,0.048286,10,7680
"sigmoid_(1152,)",sigmoid_,1152,,0.968875,0.961429,1.01009,0.014541,10,1152
"leaky_relu_(4224,)",leaky_relu_,4224,,0.968572,0.93,1.121518,0.069853,10,4224
"parametric_relu_(8192,)",parametric_relu_,8192,,0.968437,0.951429,1.080089,0.039962,10,8192
"relu_(3584,)",relu_,3584,,0.968277,0.902857,1.107054,0.074175,10,3584
"leaky_relu_(2432,)",leaky_relu_,2432,,0.968036,0.898571,1.122857,0.085219,10,2432
"relu_(4992,)",relu_,4992,,0.967848,0.931428,1.05,0.051358,10,4992
"linear_(7808,)",linear_,7808,,0.967545,0.945714,1.137053,0.059583,10,7808
"parametric_relu_(5888,)",parametric_relu_,5888,,0.967437,0.927232,1.092857,0.065664,10,5888
"linear_(5120,)",linear_,5120,,0.967419,0.927232,1.100089,0.063851,10,5120
"elu_(6400,)",elu_,6400,,0.966848,0.959911,1.004286,0.013298,10,6400
"elu_(5760,)",elu_,5760,,0.966714,0.937143,1.147143,0.064337,10,5760
"linear_(7040,)",linear_,7040,,0.966268,0.949911,1.057142,0.03401,10,7040
"leaky_relu_(4352,)",leaky_relu_,4352,,0.966018,0.931428,1.124286,0.069702,10,4352
"leaky_relu_(4864,)",leaky_relu_,4864,,0.96542,0.935625,1.14,0.067505,10,4864
"tanh_(6016,)",tanh_,6016,,0.965134,0.93,1.092768,0.066787,10,6016
"elu_(4736,)",elu_,4736,,0.964973,0.944286,1.125715,0.05651,10,4736
"tanh_(6912,)",tanh_,6912,,0.964821,0.952768,1.049911,0.029987,10,6912
"parametric_relu_(5760,)",parametric_relu_,5760,,0.964598,0.92866,1.134375,0.072388,10,5760
"sigmoid_(3584,)",sigmoid_,3584,,0.96459,0.915804,1.134286,0.073567,10,3584
"sigmoid_(5504,)",sigmoid_,5504,,0.964009,0.954375,1.00866,0.015885,10,5504
"selu_(5632,)",selu_,5632,,0.964,0.93991,1.047143,0.043797,10,5632
"linear_(5504,)",linear_,5504,,0.963991,0.921429,1.155625,0.087008,10,5504
"relu_(6016,)",relu_,6016,,0.963866,0.921518,1.229911,0.098586,10,6016
"linear_(6144,)",linear_,6144,,0.963857,0.924286,1.115714,0.069959,10,6144
"tanh_(3712,)",tanh_,3712,,0.963545,0.902857,1.124197,0.081978,10,3712
"parametric_relu_(7552,)",parametric_relu_,7552,,0.963428,0.951339,1.018571,0.023687,10,7552
"relu_(6272,)",relu_,6272,,0.963286,0.949911,1.055715,0.03255,10,6272
"tanh_(6144,)",tanh_,6144,,0.963268,0.935625,1.098572,0.057262,10,6144
"parametric_relu_(7680,)",parametric_relu_,7680,,0.963161,0.954286,1.025714,0.022058,10,7680
"sigmoid_(2816,)",sigmoid_,2816,,0.963143,0.922857,1.109911,0.065492,10,2816
"selu_(3968,)",selu_,3968,,0.963,0.912857,1.14,0.08211,10,3968
"sigmoid_(4224,)",sigmoid_,4224,,0.962875,0.960089,0.965714,0.001767,10,4224
"parametric_relu_(7168,)",parametric_relu_,7168,,0.962723,0.957142,0.997232,0.012192,10,7168
"parametric_relu_(5504,)",parametric_relu_,5504,,0.962616,0.927233,1.124375,0.068255,10,5504
"relu_(2944,)",relu_,2944,,0.96183,0.907142,1.089911,0.075582,10,2944
"tanh_(5376,)",tanh_,5376,,0.961732,0.934286,1.081429,0.054351,10,5376
"selu_(4480,)",selu_,4480,,0.961688,0.937143,1.142768,0.063893,10,4480
"relu_(4864,)",relu_,4864,,0.96159,0.92009,1.144375,0.074701,10,4864
"linear_(4352,)",linear_,4352,,0.961295,0.925714,1.139911,0.072793,10,4352
"selu_(7552,)",selu_,7552,,0.961277,0.959911,0.964196,0.001563,10,7552
"selu_(5760,)",selu_,5760,,0.961009,0.942857,1.098571,0.048348,10,5760
"relu_(8192,)",relu_,8192,,0.960875,0.948571,1.055625,0.03331,10,8192
"binary_step_(7424,)",binary_step_,7424,,0.960848,0.924375,1.057143,0.055106,10,7424
"parametric_relu_(6656,)",parametric_relu_,6656,,0.960545,0.954286,0.995625,0.012487,10,6656
"parametric_relu_(4480,)",parametric_relu_,4480,,0.96,0.932768,1.128572,0.062473,10,4480
"leaky_relu_(7296,)",leaky_relu_,7296,,0.959973,0.949911,1.027143,0.023911,10,7296
"elu_(5504,)",elu_,5504,,0.959866,0.942857,1.085803,0.044379,10,5504
"leaky_relu_(5504,)",leaky_relu_,5504,,0.959848,0.93,1.125714,0.063518,10,5504
"binary_step_(7040,)",binary_step_,7040,,0.959304,0.934286,1.061429,0.046526,10,7040
"elu_(2816,)",elu_,2816,,0.959009,0.904286,1.080089,0.072062,10,2816
"selu_(7808,)",selu_,7808,,0.958687,0.955625,0.961429,0.001864,10,7808
"elu_(5120,)",elu_,5120,,0.958679,0.942857,1.079911,0.042623,10,5120
"relu_(4736,)",relu_,4736,,0.958554,0.932768,1.104286,0.054725,10,4736
"binary_step_(7936,)",binary_step_,7936,,0.958152,0.921518,1.108572,0.062027,10,7936
"selu_(5248,)",selu_,5248,,0.958009,0.941339,1.052857,0.033696,10,5248
"leaky_relu_(5248,)",leaky_relu_,5248,,0.956991,0.929911,1.080089,0.053365,10,5248
"relu_(5888,)",relu_,5888,,0.956822,0.925714,1.129911,0.066216,10,5888
"elu_(4608,)",elu_,4608,,0.956706,0.937143,1.097232,0.049448,10,4608
"linear_(7168,)",linear_,7168,,0.956554,0.948571,1.004375,0.016889,10,7168
"linear_(4992,)",linear_,4992,,0.956402,0.920089,1.15134,0.074274,10,4992
"linear_(7552,)",linear_,7552,,0.956259,0.942768,1.065625,0.038442,10,7552
"selu_(4608,)",selu_,4608,,0.95617,0.947143,1.02,0.022448,10,4608
"tanh_(6784,)",tanh_,6784,,0.956009,0.952947,0.95866,0.001881,10,6784
"sigmoid_(4992,)",sigmoid_,4992,,0.955732,0.954375,0.957142,0.000654,10,4992
"elu_(4480,)",elu_,4480,,0.955277,0.932857,1.114286,0.056375,10,4480
"relu_(3968,)",relu_,3968,,0.955268,0.902858,1.135625,0.080116,10,3968
"elu_(4352,)",elu_,4352,,0.955134,0.942947,1.042768,0.030824,10,4352
"tanh_(3328,)",tanh_,3328,,0.955018,0.905625,1.11866,0.081823,10,3328
"elu_(3200,)",elu_,3200,,0.954973,0.900089,1.134285,0.090566,10,3200
"leaky_relu_(6784,)",leaky_relu_,6784,,0.954875,0.952857,0.957143,0.001671,10,6784
"binary_step_(5504,)",binary_step_,5504,,0.954714,0.902857,1.15866,0.09797,10,5504
"relu_(5504,)",relu_,5504,,0.95458,0.925714,1.125804,0.061682,10,5504
"leaky_relu_(5376,)",leaky_relu_,5376,,0.954009,0.927054,1.072857,0.048204,10,5376
"relu_(6656,)",relu_,6656,,0.953982,0.952768,0.955804,0.00093,10,6656
"parametric_relu_(6400,)",parametric_relu_,6400,,0.953714,0.948572,0.977143,0.008385,10,6400
"parametric_relu_(5248,)",parametric_relu_,5248,,0.953705,0.932857,1.037143,0.034544,10,5248
"selu_(2176,)",selu_,2176,,0.953393,0.912768,1.08991,0.066208,10,2176
"leaky_relu_(7168,)",leaky_relu_,7168,,0.952991,0.95,0.955714,0.002065,10,7168
"elu_(5888,)",elu_,5888,,0.952857,0.94,1.047232,0.03318,10,5888
"binary_step_(6400,)",binary_step_,6400,,0.952723,0.931339,1.131518,0.06284,10,6400
"relu_(7808,)",relu_,7808,,0.952696,0.951339,0.954286,0.00081,10,7808
"parametric_relu_(2176,)",parametric_relu_,2176,,0.952464,0.900089,1.051428,0.062357,10,2176
"binary_step_(4352,)",binary_step_,4352,,0.95242,0.914286,1.112768,0.06905,10,4352
"linear_(3584,)",linear_,3584,,0.95233,0.891428,1.117142,0.088057,10,3584
"relu_(7424,)",relu_,7424,,0.952143,0.948572,0.957143,0.002345,10,7424
"linear_(4864,)",linear_,4864,,0.952134,0.931517,1.05,0.042115,10,4864
"parametric_relu_(7040,)",parametric_relu_,7040,,0.951714,0.948571,0.955714,0.002201,10,7040
"sigmoid_(1664,)",sigmoid_,1664,,0.951589,0.897232,1.091428,0.083391,10,1664
"linear_(4224,)",linear_,4224,,0.951562,0.931339,1.095714,0.050684,10,4224
"tanh_(8064,)",tanh_,8064,,0.951312,0.944375,1.000089,0.017157,10,8064
"linear_(5376,)",linear_,5376,,0.951295,0.921339,1.111429,0.060333,10,5376
"parametric_relu_(4736,)",parametric_relu_,4736,,0.950991,0.932947,1.087143,0.047902,10,4736
"leaky_relu_(5760,)",leaky_relu_,5760,,0.950893,0.927232,1.14,0.066457,10,5760
"relu_(5760,)",relu_,5760,,0.950866,0.925803,1.051429,0.046325,10,5760
"tanh_(5248,)",tanh_,5248,,0.95042,0.931428,1.055804,0.038053,10,5248
"relu_(6784,)",relu_,6784,,0.950313,0.948572,0.952857,0.001297,10,6784
"elu_(1152,)",elu_,1152,,0.950009,0.881428,1.074286,0.086733,10,1152
"linear_(3968,)",linear_,3968,,0.949991,0.891428,1.094286,0.080279,10,3968
"relu_(6144,)",relu_,6144,,0.949572,0.925625,1.158661,0.07347,10,6144
"tanh_(2944,)",tanh_,2944,,0.949428,0.897232,1.117143,0.082692,10,2944
"linear_(8192,)",linear_,8192,,0.949411,0.947054,0.95134,0.001521,10,8192
"binary_step_(7296,)",binary_step_,7296,,0.94858,0.921428,1.047143,0.045595,10,7296
"tanh_(5120,)",tanh_,5120,,0.948571,0.934375,1.058571,0.038679,10,5120
"selu_(3840,)",selu_,3840,,0.948446,0.902946,1.085625,0.071128,10,3840
"leaky_relu_(6016,)",leaky_relu_,6016,,0.947857,0.931428,1.024286,0.033728,10,6016
"binary_step_(5760,)",binary_step_,5760,,0.947696,0.908571,1.112858,0.070434,10,5760
"tanh_(3200,)",tanh_,3200,,0.947545,0.902858,1.127054,0.077977,10,3200
"linear_(4736,)",linear_,4736,,0.947402,0.93,1.024286,0.033081,10,4736
"parametric_relu_(4864,)",parametric_relu_,4864,,0.947304,0.927054,1.031517,0.035453,10,4864
"linear_(7424,)",linear_,7424,,0.947286,0.942946,0.948661,0.002139,10,7424
"binary_step_(4480,)",binary_step_,4480,,0.947134,0.911339,1.088572,0.060023,10,4480
"binary_step_(6656,)",binary_step_,6656,,0.946884,0.922857,1.14866,0.070911,10,6656
"linear_(7296,)",linear_,7296,,0.946545,0.945625,0.947232,0.000736,10,7296
"linear_(3200,)",linear_,3200,,0.946446,0.901429,1.13866,0.079766,10,3200
"selu_(5504,)",selu_,5504,,0.946036,0.941518,0.955714,0.003716,10,5504
"selu_(2944,)",selu_,2944,,0.946018,0.907142,1.09866,0.069474,10,2944
"relu_(4352,)",relu_,4352,,0.946,0.928661,1.054196,0.03835,10,4352
"tanh_(3456,)",tanh_,3456,,0.945839,0.902857,1.137143,0.086512,10,3456
"parametric_relu_(4352,)",parametric_relu_,4352,,0.945822,0.932768,1.055714,0.038624,10,4352
"tanh_(4608,)",tanh_,4608,,0.945428,0.934285,0.979911,0.016266,10,4608
"sigmoid_(1792,)",sigmoid_,1792,,0.944857,0.904375,1.097053,0.077312,10,1792
"parametric_relu_(6016,)",parametric_relu_,6016,,0.944446,0.92866,1.027232,0.031612,10,6016
"elu_(2560,)",elu_,2560,,0.943724,0.901429,1.06,0.057212,10,2560
"sigmoid_(3200,)",sigmoid_,3200,,0.943723,0.921428,1.084286,0.050352,10,3200
"leaky_relu_(4736,)",leaky_relu_,4736,,0.943437,0.931518,1.009911,0.0247,10,4736
"leaky_relu_(4608,)",leaky_relu_,4608,,0.942884,0.934286,0.998661,0.019656,10,4608
"leaky_relu_(4480,)",leaky_relu_,4480,,0.942,0.932768,1.004285,0.021938,10,4480
"binary_step_(4864,)",binary_step_,4864,,0.942,0.91,1.091518,0.059771,10,4864
"selu_(2432,)",selu_,2432,,0.941955,0.912768,1.021339,0.0419,10,2432
"selu_(3072,)",selu_,3072,,0.941875,0.908661,1.074286,0.066136,10,3072
"selu_(5888,)",selu_,5888,,0.941714,0.94,0.948482,0.002564,10,5888
"parametric_relu_(3200,)",parametric_relu_,3200,,0.941589,0.897143,1.085625,0.071974,10,3200
"parametric_relu_(3072,)",parametric_relu_,3072,,0.941545,0.898482,1.058482,0.068386,10,3072
"elu_(4096,)",elu_,4096,,0.941446,0.902857,1.11009,0.073456,10,4096
"selu_(2304,)",selu_,2304,,0.941411,0.915714,1.072768,0.054195,10,2304
"leaky_relu_(1920,)",leaky_relu_,1920,,0.940446,0.877142,1.142946,0.09352,10,1920
"elu_(2176,)",elu_,2176,,0.940428,0.907142,1.171429,0.081844,10,2176
"relu_(3328,)",relu_,3328,,0.940304,0.892947,1.084375,0.076692,10,3328
"parametric_relu_(2944,)",parametric_relu_,2944,,0.94016,0.898571,1.044285,0.053779,10,2944
"sigmoid_(3456,)",sigmoid_,3456,,0.939277,0.917142,1.117143,0.06251,10,3456
"selu_(1024,)",selu_,1024,,0.93917,0.895714,1.092947,0.072233,10,1024
"binary_step_(8064,)",binary_step_,8064,,0.93917,0.921429,1.085715,0.051504,10,8064
"relu_(5248,)",relu_,5248,,0.938893,0.922946,1.024375,0.031642,10,5248
"leaky_relu_(1536,)",leaky_relu_,1536,,0.938714,0.881518,1.074285,0.080822,10,1536
"sigmoid_(3968,)",sigmoid_,3968,,0.938366,0.918482,1.11,0.060314,10,3968
"binary_step_(4992,)",binary_step_,4992,,0.938268,0.908482,1.048482,0.057385,10,4992
"leaky_relu_(3840,)",leaky_relu_,3840,,0.937714,0.892857,1.128571,0.086055,10,3840
"binary_step_(2176,)",binary_step_,2176,,0.937411,0.894285,1.098572,0.080096,10,2176
"tanh_(3584,)",tanh_,3584,,0.937152,0.905714,1.09,0.067477,10,3584
"parametric_relu_(2816,)",parametric_relu_,2816,,0.936714,0.898572,1.054285,0.061913,10,2816
"linear_(2560,)",linear_,2560,,0.936696,0.895803,1.061428,0.065897,10,2560
"binary_step_(7168,)",binary_step_,7168,,0.936438,0.925715,0.98,0.016041,10,7168
"parametric_relu_(5632,)",parametric_relu_,5632,,0.936322,0.931428,0.954286,0.0067,10,5632
"sigmoid_(2048,)",sigmoid_,2048,,0.936312,0.898571,1.1,0.077347,10,2048
"relu_(2432,)",relu_,2432,,0.935866,0.905803,1.052857,0.05909,10,2432
"binary_step_(7552,)",binary_step_,7552,,0.935563,0.925804,1.004286,0.024165,10,7552
"relu_(3200,)",relu_,3200,,0.935438,0.894196,1.017232,0.051613,10,3200
"parametric_relu_(3968,)",parametric_relu_,3968,,0.935134,0.905714,1.027053,0.04738,10,3968
"tanh_(2304,)",tanh_,2304,,0.934598,0.897142,1.077142,0.062677,10,2304
"relu_(2560,)",relu_,2560,,0.934411,0.897143,1.082857,0.063936,10,2560
"relu_(4608,)",relu_,4608,,0.934018,0.93,0.940089,0.003283,10,4608
"parametric_relu_(3456,)",parametric_relu_,3456,,0.93358,0.895714,1.14,0.082442,10,3456
"selu_(3456,)",selu_,3456,,0.933536,0.904197,1.052857,0.060302,10,3456
"relu_(4480,)",relu_,4480,,0.933241,0.93009,0.937053,0.001745,10,4480
"parametric_relu_(5376,)",parametric_relu_,5376,,0.932723,0.931518,0.934286,0.001017,10,5376
"leaky_relu_(2176,)",leaky_relu_,2176,,0.932714,0.9,1.061429,0.05466,10,2176
"selu_(4096,)",selu_,4096,,0.932437,0.912857,1.008572,0.032726,10,4096
"sigmoid_(3072,)",sigmoid_,3072,,0.932375,0.924197,0.955625,0.010395,10,3072
"tanh_(2816,)",tanh_,2816,,0.932161,0.897143,1.09991,0.066591,10,2816
"sigmoid_(2560,)",sigmoid_,2560,,0.931572,0.921428,0.999911,0.024077,10,2560
"relu_(2688,)",relu_,2688,,0.931553,0.905714,1.037143,0.053775,10,2688
"tanh_(3072,)",tanh_,3072,,0.931304,0.905714,0.999911,0.040199,10,3072
"relu_(4224,)",relu_,4224,,0.930902,0.92866,0.934286,0.001769,10,4224
"parametric_relu_(6144,)",parametric_relu_,6144,,0.930714,0.928571,0.934285,0.001928,10,6144
"sigmoid_(1920,)",sigmoid_,1920,,0.930625,0.911428,1.05866,0.046542,10,1920
"elu_(2304,)",elu_,2304,,0.930571,0.907143,1.047142,0.048305,10,2304
"relu_(3712,)",relu_,3712,,0.930304,0.902857,1.102947,0.062836,10,3712
"sigmoid_(1280,)",sigmoid_,1280,,0.930152,0.898661,1.142857,0.077219,10,1280
"binary_step_(7808,)",binary_step_,7808,,0.929562,0.927232,0.934285,0.002121,10,7808
"linear_(5248,)",linear_,5248,,0.929438,0.924375,0.932947,0.002841,10,5248
"binary_step_(5120,)",binary_step_,5120,,0.92942,0.908571,1.097143,0.058951,10,5120
"linear_(2432,)",linear_,2432,,0.929161,0.905804,1.1,0.060148,10,2432
"selu_(2560,)",selu_,2560,,0.928839,0.911428,1.079911,0.053086,10,2560
"relu_(1152,)",relu_,1152,,0.928572,0.875714,1.064197,0.068606,10,1152
"elu_(1024,)",elu_,1024,,0.928562,0.89,1.08,0.077931,10,1024
"sigmoid_(3712,)",sigmoid_,3712,,0.928027,0.925804,0.92991,0.001161,10,3712
"relu_(5120,)",relu_,5120,,0.927688,0.922857,0.958572,0.010873,10,5120
"parametric_relu_(3328,)",parametric_relu_,3328,,0.927536,0.895625,1.112857,0.070451,10,3328
"binary_step_(6144,)",binary_step_,6144,,0.927339,0.900089,1.092947,0.059292,10,6144
"tanh_(1280,)",tanh_,1280,,0.927277,0.889911,1.101428,0.0776,10,1280
"tanh_(2176,)",tanh_,2176,,0.927143,0.901428,1.084286,0.056956,10,2176
"sigmoid_(3840,)",sigmoid_,3840,,0.927027,0.917143,1.0,0.025664,10,3840
"sigmoid_(2688,)",sigmoid_,2688,,0.927009,0.924375,0.928571,0.00123,10,2688
"linear_(2944,)",linear_,2944,,0.92642,0.907143,1.014196,0.036472,10,2944
"leaky_relu_(2688,)",leaky_relu_,2688,,0.926312,0.895714,1.04866,0.052029,10,2688
"leaky_relu_(3456,)",leaky_relu_,3456,,0.926304,0.891518,1.114375,0.073623,10,3456
"binary_step_(5632,)",binary_step_,5632,,0.926044,0.901518,1.094196,0.059654,10,5632
"relu_(3456,)",relu_,3456,,0.926,0.901339,1.017143,0.045839,10,3456
"binary_step_(4608,)",binary_step_,4608,,0.925884,0.911429,1.045714,0.042113,10,4608
"binary_step_(3072,)",binary_step_,3072,,0.925875,0.882858,1.054286,0.069045,10,3072
"leaky_relu_(5120,)",leaky_relu_,5120,,0.925866,0.922857,0.928482,0.001702,10,5120
"selu_(2816,)",selu_,2816,,0.92558,0.907232,1.072768,0.051729,10,2816
"binary_step_(2688,)",binary_step_,2688,,0.925455,0.895803,1.074286,0.062233,10,2688
"leaky_relu_(2560,)",leaky_relu_,2560,,0.925277,0.894285,1.092857,0.065864,10,2560
"parametric_relu_(2432,)",parametric_relu_,2432,,0.925268,0.897232,1.068482,0.057619,10,2432
"leaky_relu_(3072,)",leaky_relu_,3072,,0.925161,0.898571,1.074375,0.057032,10,3072
"selu_(3328,)",selu_,3328,,0.924705,0.904375,1.04991,0.04522,10,3328
"leaky_relu_(2304,)",leaky_relu_,2304,,0.92458,0.908571,1.051428,0.044615,10,2304
"parametric_relu_(2304,)",parametric_relu_,2304,,0.923884,0.905803,1.002857,0.035998,10,2304
"parametric_relu_(4096,)",parametric_relu_,4096,,0.923848,0.901429,1.084375,0.056455,10,4096
"sigmoid_(2304,)",sigmoid_,2304,,0.923723,0.921518,0.925714,0.001187,10,2304
"relu_(2176,)",relu_,2176,,0.923563,0.895714,1.040089,0.054317,10,2176
"sigmoid_(2432,)",sigmoid_,2432,,0.923446,0.921428,0.925714,0.001373,10,2432
"sigmoid_(1536,)",sigmoid_,1536,,0.923277,0.898571,0.992947,0.036241,10,1536
"relu_(2816,)",relu_,2816,,0.923,0.894286,1.062857,0.056426,10,2816
"elu_(1792,)",elu_,1792,,0.922857,0.887143,1.029911,0.054096,10,1792
"leaky_relu_(3712,)",leaky_relu_,3712,,0.922706,0.892857,1.071429,0.062733,10,3712
"tanh_(2688,)",tanh_,2688,,0.922598,0.908572,1.018661,0.03397,10,2688
"parametric_relu_(3712,)",parametric_relu_,3712,,0.922429,0.894286,1.114286,0.069467,10,3712
"relu_(2304,)",relu_,2304,,0.922411,0.907143,1.01991,0.034908,10,2304
"binary_step_(5248,)",binary_step_,5248,,0.922,0.901428,1.091339,0.059513,10,5248
"elu_(3072,)",elu_,3072,,0.921304,0.902857,1.077143,0.054764,10,3072
"elu_(2688,)",elu_,2688,,0.920973,0.902858,1.025714,0.038985,10,2688
"binary_step_(3328,)",binary_step_,3328,,0.920857,0.881428,1.071339,0.077518,10,3328
"selu_(640,)",selu_,640,,0.920741,0.882857,1.054285,0.057424,10,640
"binary_step_(3712,)",binary_step_,3712,,0.92042,0.88134,1.101518,0.07843,10,3712
"elu_(2944,)",elu_,2944,,0.920295,0.902857,1.062857,0.050107,10,2944
"parametric_relu_(1024,)",parametric_relu_,1024,,0.919991,0.875714,1.105625,0.090936,10,1024
"leaky_relu_(3200,)",leaky_relu_,3200,,0.919893,0.895804,1.052947,0.051878,10,3200
"binary_step_(2560,)",binary_step_,2560,,0.919295,0.892857,1.078571,0.059163,10,2560
"linear_(3072,)",linear_,3072,,0.918848,0.904286,0.982857,0.027383,10,3072
"linear_(896,)",linear_,896,,0.918473,0.874375,1.112946,0.078096,10,896
"sigmoid_(4096,)",sigmoid_,4096,,0.918286,0.917143,0.92,0.000904,10,4096
"linear_(2176,)",linear_,2176,,0.918143,0.907054,1.005714,0.03081,10,2176
"tanh_(3968,)",tanh_,3968,,0.918018,0.904375,1.018571,0.035354,10,3968
"relu_(1408,)",relu_,1408,,0.918009,0.871428,1.057054,0.072479,10,1408
"parametric_relu_(3584,)",parametric_relu_,3584,,0.917696,0.894375,1.022768,0.046445,10,3584
"leaky_relu_(2944,)",leaky_relu_,2944,,0.917446,0.897143,1.004286,0.040776,10,2944
"elu_(3968,)",elu_,3968,,0.917304,0.91,0.98,0.022036,10,3968
"tanh_(4096,)",tanh_,4096,,0.91717,0.901518,1.034286,0.041181,10,4096
"elu_(1664,)",elu_,1664,,0.917009,0.889911,1.037143,0.056508,10,1664
"sigmoid_(896,)",sigmoid_,896,,0.916884,0.897143,1.037143,0.045515,10,896
"leaky_relu_(3328,)",leaky_relu_,3328,,0.916848,0.892768,1.077054,0.058005,10,3328
"binary_step_(4736,)",binary_step_,4736,,0.91659,0.908661,0.947143,0.013121,10,4736
"selu_(2688,)",selu_,2688,,0.916581,0.908571,0.97009,0.018837,10,2688
"leaky_relu_(3584,)",leaky_relu_,3584,,0.916438,0.892946,1.014286,0.046214,10,3584
"linear_(3840,)",linear_,3840,,0.916437,0.891428,1.04009,0.050831,10,3840
"parametric_relu_(1280,)",parametric_relu_,1280,,0.915964,0.885714,1.035625,0.053445,10,1280
"tanh_(2432,)",tanh_,2432,,0.915304,0.908572,0.968482,0.018709,10,2432
"linear_(3712,)",linear_,3712,,0.915027,0.891518,1.005803,0.042678,10,3712
"linear_(2304,)",linear_,2304,,0.914866,0.897232,0.998482,0.031586,10,2304
"tanh_(2560,)",tanh_,2560,,0.914572,0.898482,1.045715,0.046103,10,2560
"elu_(2432,)",elu_,2432,,0.914438,0.901429,0.968661,0.024416,10,2432
"leaky_relu_(4096,)",leaky_relu_,4096,,0.91433,0.895803,1.061518,0.051738,10,4096
"linear_(1408,)",linear_,1408,,0.913884,0.874375,1.071518,0.076207,10,1408
"parametric_relu_(2560,)",parametric_relu_,2560,,0.912821,0.897142,1.025715,0.039688,10,2560
"binary_step_(2816,)",binary_step_,2816,,0.912268,0.892857,1.064286,0.053425,10,2816
"leaky_relu_(2816,)",leaky_relu_,2816,,0.911973,0.895714,1.03991,0.044972,10,2816
"sigmoid_(1408,)",sigmoid_,1408,,0.911679,0.897142,1.032857,0.042592,10,1408
"binary_step_(3200,)",binary_step_,3200,,0.911545,0.889911,1.078571,0.058701,10,3200
"elu_(3328,)",elu_,3328,,0.91116,0.9,1.004286,0.032728,10,3328
"elu_(1408,)",elu_,1408,,0.911143,0.891517,1.054286,0.050344,10,1408
"linear_(3456,)",linear_,3456,,0.911009,0.888661,1.06,0.052498,10,3456
"elu_(3456,)",elu_,3456,,0.910562,0.909911,0.911518,0.000747,10,3456
"selu_(896,)",selu_,896,,0.910009,0.890089,1.051429,0.050066,10,896
"linear_(2816,)",linear_,2816,,0.909143,0.905714,0.914196,0.00221,10,2816
"leaky_relu_(1792,)",leaky_relu_,1792,,0.90875,0.885714,1.032857,0.050276,10,1792
"binary_step_(5888,)",binary_step_,5888,,0.908714,0.908482,0.910089,0.000486,10,5888
"binary_step_(2944,)",binary_step_,2944,,0.90858,0.884375,1.045714,0.052385,10,2944
"selu_(3584,)",selu_,3584,,0.908437,0.902767,0.922857,0.005323,10,3584
"binary_step_(5376,)",binary_step_,5376,,0.908321,0.905714,0.910089,0.001485,10,5376
"elu_(1536,)",elu_,1536,,0.908259,0.889911,0.987232,0.036953,10,1536
"relu_(3072,)",relu_,3072,,0.908116,0.897143,0.959911,0.020048,10,3072
"selu_(1280,)",selu_,1280,,0.907009,0.887232,1.06866,0.056806,10,1280
"tanh_(1408,)",tanh_,1408,,0.906902,0.877232,1.019911,0.057029,10,1408
"selu_(1408,)",selu_,1408,,0.906732,0.891518,1.022947,0.040844,10,1408
"linear_(2048,)",linear_,2048,,0.906268,0.882857,1.01,0.048261,10,2048
"tanh_(1664,)",tanh_,1664,,0.906018,0.874375,1.051518,0.05732,10,1664
"leaky_relu_(1408,)",leaky_relu_,1408,,0.906018,0.877143,1.028661,0.056836,10,1408
"selu_(1792,)",selu_,1792,,0.905723,0.885803,1.054286,0.052325,10,1792
"binary_step_(3968,)",binary_step_,3968,,0.905714,0.877232,1.004286,0.050142,10,3968
"binary_step_(3456,)",binary_step_,3456,,0.904982,0.884196,0.997232,0.03725,10,3456
"binary_step_(6016,)",binary_step_,6016,,0.904321,0.901517,0.907143,0.001986,10,6016
"linear_(4096,)",linear_,4096,,0.904,0.891429,0.964286,0.024172,10,4096
"parametric_relu_(2688,)",parametric_relu_,2688,,0.903822,0.897143,0.934286,0.010936,10,2688
"sigmoid_(512,)",sigmoid_,512,,0.903723,0.894285,0.975714,0.025321,10,512
"binary_step_(3840,)",binary_step_,3840,,0.903571,0.884286,0.985803,0.036734,10,3840
"linear_(1920,)",linear_,1920,,0.903553,0.884285,0.985714,0.038646,10,1920
"relu_(1920,)",relu_,1920,,0.903286,0.871518,1.075803,0.066125,10,1920
"linear_(2688,)",linear_,2688,,0.903018,0.898571,0.92866,0.009096,10,2688
"selu_(1920,)",selu_,1920,,0.902848,0.884375,1.027232,0.044261,10,1920
"binary_step_(3584,)",binary_step_,3584,,0.902839,0.879911,1.014286,0.042535,10,3584
"selu_(1152,)",selu_,1152,,0.90283,0.885714,0.96,0.029094,10,1152
"linear_(1792,)",linear_,1792,,0.902134,0.885714,1.03,0.044968,10,1792
"linear_(1536,)",linear_,1536,,0.901893,0.874286,1.07,0.061933,10,1536
"selu_(1664,)",selu_,1664,,0.901536,0.885715,1.014286,0.039671,10,1664
"elu_(3840,)",elu_,3840,,0.901143,0.9,0.902858,0.000874,10,3840
"binary_step_(1280,)",binary_step_,1280,,0.900741,0.865714,1.017053,0.057142,10,1280
"binary_step_(2432,)",binary_step_,2432,,0.900009,0.885803,1.008482,0.038143,10,2432
"binary_step_(1408,)",binary_step_,1408,,0.899714,0.861518,1.05,0.076614,10,1408
"relu_(4096,)",relu_,4096,,0.899455,0.897143,0.902857,0.001931,10,4096
"binary_step_(768,)",binary_step_,768,,0.899446,0.864285,1.044196,0.073352,10,768
"selu_(256,)",selu_,256,,0.899428,0.874285,1.10866,0.073537,10,256
"relu_(3840,)",relu_,3840,,0.89942,0.897143,0.901429,0.001649,10,3840
"tanh_(1792,)",tanh_,1792,,0.899152,0.877232,1.04134,0.051615,10,1792
"elu_(768,)",elu_,768,,0.899009,0.882857,1.004375,0.038254,10,768
"tanh_(3840,)",tanh_,3840,,0.898973,0.894197,0.921518,0.008067,10,3840
"sigmoid_(768,)",sigmoid_,768,,0.898179,0.895714,0.904286,0.002658,10,768
"tanh_(768,)",tanh_,768,,0.897982,0.874285,1.094285,0.069021,10,768
"parametric_relu_(1152,)",parametric_relu_,1152,,0.897866,0.874375,1.085714,0.066018,10,1152
"sigmoid_(640,)",sigmoid_,640,,0.897866,0.897143,0.898661,0.000727,10,640
"sigmoid_(1024,)",sigmoid_,1024,,0.897304,0.895715,0.904285,0.002542,10,1024
"elu_(1920,)",elu_,1920,,0.89716,0.895714,0.9,0.001478,10,1920
"linear_(3328,)",linear_,3328,,0.896982,0.891429,0.907232,0.004289,10,3328
"selu_(1536,)",selu_,1536,,0.896839,0.89,0.922857,0.011392,10,1536
"selu_(768,)",selu_,768,,0.89658,0.894285,0.898661,0.001715,10,768
"parametric_relu_(1408,)",parametric_relu_,1408,,0.89575,0.878571,1.035804,0.049221,10,1408
"linear_(1664,)",linear_,1664,,0.895553,0.884196,0.98866,0.032728,10,1664
"tanh_(1024,)",tanh_,1024,,0.895134,0.875714,1.005804,0.040168,10,1024
"parametric_relu_(3840,)",parametric_relu_,3840,,0.895125,0.892947,0.895715,0.000989,10,3840
"tanh_(1920,)",tanh_,1920,,0.895026,0.877232,1.041429,0.051454,10,1920
"binary_step_(4096,)",binary_step_,4096,,0.894991,0.88,1.007054,0.039419,10,4096
"relu_(1280,)",relu_,1280,,0.894857,0.881428,1.005714,0.038955,10,1280
"relu_(384,)",relu_,384,,0.894857,0.851518,1.034286,0.068144,10,384
"elu_(128,)",elu_,128,,0.894714,0.868661,1.04,0.056736,10,128
"tanh_(512,)",tanh_,512,,0.894437,0.874285,1.002857,0.043444,10,512
"leaky_relu_(3968,)",leaky_relu_,3968,,0.893143,0.891429,0.894286,0.001079,10,3968
"elu_(1280,)",elu_,1280,,0.893009,0.880089,0.992946,0.035185,10,1280
"leaky_relu_(1152,)",leaky_relu_,1152,,0.892741,0.872857,1.017143,0.045476,10,1152
"sigmoid_(256,)",sigmoid_,256,,0.892419,0.872857,1.002858,0.039532,10,256
"elu_(384,)",elu_,384,,0.892304,0.877232,1.018571,0.044369,10,384
"leaky_relu_(1024,)",leaky_relu_,1024,,0.891688,0.877143,1.005625,0.040056,10,1024
"relu_(640,)",relu_,640,,0.891428,0.869911,1.075625,0.064724,10,640
"tanh_(2048,)",tanh_,2048,,0.891304,0.875804,0.952857,0.025819,10,2048
"binary_step_(2304,)",binary_step_,2304,,0.890723,0.888661,0.892768,0.001323,10,2304
"leaky_relu_(1280,)",leaky_relu_,1280,,0.889857,0.872857,0.994285,0.038105,10,1280
"parametric_relu_(768,)",parametric_relu_,768,,0.889402,0.871429,1.02,0.046026,10,768
"selu_(2048,)",selu_,2048,,0.889259,0.885714,0.892857,0.001939,10,2048
"elu_(2048,)",elu_,2048,,0.888804,0.887142,0.889911,0.00108,10,2048
"binary_step_(1024,)",binary_step_,1024,,0.88842,0.862857,0.985714,0.044363,10,1024
"leaky_relu_(896,)",leaky_relu_,896,,0.888134,0.885804,0.891429,0.002025,10,896
"relu_(896,)",relu_,896,,0.887697,0.868661,1.038572,0.05302,10,896
"binary_step_(2048,)",binary_step_,2048,,0.887696,0.864196,1.007054,0.049729,10,2048
"binary_step_(1792,)",binary_step_,1792,,0.886955,0.862768,1.092857,0.072358,10,1792
"elu_(896,)",elu_,896,,0.886857,0.885804,0.888571,0.000858,10,896
"tanh_(1536,)",tanh_,1536,,0.885884,0.875714,0.961518,0.026606,10,1536
"parametric_relu_(640,)",parametric_relu_,640,,0.885857,0.87009,1.014375,0.045164,10,640
"relu_(1536,)",relu_,1536,,0.885813,0.86991,1.017143,0.046156,10,1536
"leaky_relu_(768,)",leaky_relu_,768,,0.884571,0.868661,0.995625,0.03909,10,768
"leaky_relu_(384,)",leaky_relu_,384,,0.882848,0.868571,0.989911,0.03763,10,384
"linear_(512,)",linear_,512,,0.882705,0.851428,0.971428,0.042759,10,512
"leaky_relu_(1664,)",leaky_relu_,1664,,0.882572,0.874286,0.944286,0.021703,10,1664
"binary_step_(640,)",binary_step_,640,,0.882,0.864375,0.995714,0.041046,10,640
"linear_(1024,)",linear_,1024,,0.881857,0.88,0.885714,0.001911,10,1024
"tanh_(896,)",tanh_,896,,0.881295,0.875625,0.911518,0.010706,10,896
"binary_step_(1536,)",binary_step_,1536,,0.881,0.865714,1.012858,0.04634,10,1536
"sigmoid_(128,)",sigmoid_,128,,0.880562,0.871428,0.894286,0.008689,10,128
"relu_(1024,)",relu_,1024,,0.880277,0.867142,0.977143,0.034055,10,1024
"elu_(640,)",elu_,640,,0.880152,0.878482,0.882768,0.001401,10,640
"tanh_(1152,)",tanh_,1152,,0.88,0.877143,0.882857,0.001905,10,1152
"binary_step_(1920,)",binary_step_,1920,,0.879991,0.872857,0.931428,0.018108,10,1920
"relu_(768,)",relu_,768,,0.879866,0.868661,0.954375,0.026493,10,768
"relu_(128,)",relu_,128,,0.879848,0.851518,1.022857,0.058493,10,128
"sigmoid_(384,)",sigmoid_,384,,0.878982,0.87,0.887143,0.00831,10,384
"relu_(1792,)",relu_,1792,,0.878839,0.86991,0.951428,0.025515,10,1792
"elu_(256,)",elu_,256,,0.878741,0.877232,0.88,0.001191,10,256
"parametric_relu_(1664,)",parametric_relu_,1664,,0.878294,0.871428,0.925714,0.016695,10,1664
"parametric_relu_(1792,)",parametric_relu_,1792,,0.878036,0.87,0.928571,0.017805,10,1792
"parametric_relu_(1536,)",parametric_relu_,1536,,0.877982,0.877143,0.88,0.000975,10,1536
"linear_(1280,)",linear_,1280,,0.877268,0.874286,0.879911,0.00214,10,1280
"binary_step_(512,)",binary_step_,512,,0.87658,0.851429,1.00991,0.051835,10,512
"parametric_relu_(1920,)",parametric_relu_,1920,,0.876571,0.874285,0.884286,0.002946,10,1920
"selu_(384,)",selu_,384,,0.876018,0.857232,1.014196,0.048588,10,384
"relu_(1664,)",relu_,1664,,0.875687,0.871429,0.891339,0.005697,10,1664
"parametric_relu_(2048,)",parametric_relu_,2048,,0.875455,0.871518,0.891339,0.005848,10,2048
"tanh_(256,)",tanh_,256,,0.874982,0.874285,0.875715,0.000698,10,256
"selu_(512,)",selu_,512,,0.874866,0.872857,0.875714,0.000966,10,512
"linear_(640,)",linear_,640,,0.87475,0.868661,0.902946,0.010094,10,640
"linear_(1152,)",linear_,1152,,0.874259,0.871429,0.877054,0.002309,10,1152
"parametric_relu_(896,)",parametric_relu_,896,,0.874143,0.872857,0.875625,0.001001,10,896
"tanh_(640,)",tanh_,640,,0.874018,0.872857,0.875625,0.000864,10,640
"linear_(768,)",linear_,768,,0.874009,0.872768,0.875714,0.000924,10,768
"binary_step_(896,)",binary_step_,896,,0.873714,0.862857,0.962857,0.031336,10,896
"elu_(512,)",elu_,512,,0.872581,0.864197,0.881429,0.008188,10,512
"parametric_relu_(512,)",parametric_relu_,512,,0.872447,0.847054,1.017143,0.051451,10,512
"leaky_relu_(2048,)",leaky_relu_,2048,,0.872429,0.87,0.874375,0.001533,10,2048
"leaky_relu_(640,)",leaky_relu_,640,,0.871277,0.869911,0.878661,0.002679,10,640
"parametric_relu_(128,)",parametric_relu_,128,,0.870723,0.868661,0.872946,0.001804,10,128
"relu_(2048,)",relu_,2048,,0.87042,0.87,0.871428,0.000656,10,2048
"parametric_relu_(256,)",parametric_relu_,256,,0.868723,0.867143,0.875714,0.002549,10,256
"binary_step_(1152,)",binary_step_,1152,,0.86817,0.865714,0.871339,0.001888,10,1152
"leaky_relu_(256,)",leaky_relu_,256,,0.867857,0.867143,0.868572,0.000735,10,256
"selu_(128,)",selu_,128,,0.867687,0.858571,0.875714,0.008159,10,128
"tanh_(384,)",tanh_,384,,0.867143,0.858571,0.875625,0.007852,10,384
"tanh_(128,)",tanh_,128,,0.865857,0.857143,0.877232,0.008692,10,128
"parametric_relu_(384,)",parametric_relu_,384,,0.865571,0.852946,0.9,0.014532,10,384
"binary_step_(1664,)",binary_step_,1664,,0.864134,0.861339,0.867232,0.001884,10,1664
"leaky_relu_(512,)",leaky_relu_,512,,0.863134,0.854375,0.871429,0.007606,10,512
"leaky_relu_(128,)",leaky_relu_,128,,0.862732,0.854286,0.875804,0.009034,10,128
"linear_(256,)",linear_,256,,0.860572,0.851429,0.87,0.007335,10,256
"linear_(384,)",linear_,384,,0.860411,0.85991,0.861429,0.000663,10,384
"relu_(256,)",relu_,256,,0.859169,0.857143,0.86991,0.003887,10,256
"relu_(512,)",relu_,512,,0.855295,0.845714,0.865625,0.008984,10,512
"binary_step_(384,)",binary_step_,384,,0.851295,0.847232,0.855714,0.00312,10,384
"linear_(128,)",linear_,128,,0.850178,0.841518,0.858571,0.008294,10,128
"binary_step_(128,)",binary_step_,128,,0.846955,0.845803,0.847143,0.000407,10,128
"binary_step_(256,)",binary_step_,256,,0.845294,0.832857,0.865714,0.011599,10,256
